Short Host,Full Host with Comma,Category
1rx.io,sync.1rx.io,Advertising
2mdn.net,s0.2mdn.net,Advertising
33across.com,cms-xch.33across.com,Advertising
33across.com,cms-xch-chicago.33across.com,Advertising
33across.com,ssc-cms.33across.com,Advertising
360yield.com,ice.360yield.com,Advertising
360yield.com,match.360yield.com,Advertising
3lift.com,dmpsync.3lift.com,Advertising
3lift.com,eb2.3lift.com,Advertising
3lift.com,ib.3lift.com,Advertising
6sc.co,b.6sc.co,Unknown
6sc.co,c.6sc.co,Unknown
6sc.co,j.6sc.co,Unknown
aaxads.com,c.aaxads.com,Advertising
aaxads.com,l3.aaxads.com,Advertising
aaxads.com,s.aaxads.com,Advertising
aaxdetect.com,www.aaxdetect.com,Advertising
acuityplatform.com,acuityplatform.com,Advertising
acuityplatform.com,ums.acuityplatform.com,Advertising
ad4m.at,ad4m.at,Unknown
ada.support,rollout.ada.support,Customer Interaction
ada.support,static.ada.support,Customer Interaction
ada.support,zoom.ada.support,Customer Interaction
adap.tv,sync.adap.tv,Advertising
adblade.com,dmp.adblade.com,Advertising
adblockcdn.com,cdn.adblockcdn.com,Extension
adblockplus.org,easylist-downloads.adblockplus.org,Extension
adblockplus.org,notification.adblockplus.org,Extension
ad-delivery.net,ad-delivery.net,Advertising
addthis.com,cw.addthis.com,Advertising
addthis.com,su.addthis.com,Advertising
addthis.com,x.dlx.addthis.com,Advertising
adentifi.com,rtb.adentifi.com,Advertising
adform.net,c1.adform.net,Advertising
adform.net,dmp.adform.net,Advertising
adgrx.com,cm.adgrx.com,Advertising
adguard.com,adguard.com,Extension
adguard.com,cdn.adguard.com,Extension
adguard.com,counter.adguard.com,Extension
adguard.com,matomo.adguard.com,Extension
adguard.com,welcome.adguard.com,Extension
adition.com,dsp.adfarm1.adition.com,Advertising
adkernel.com,dsp.adkernel.com,Advertising
adkernel.com,sync.adkernel.com,Advertising
adlightning.com,tagan.adlightning.com,Advertising
admedo.com,pool.admedo.com,Advertising
admission.net,cdn.admission.net,Advertising
admission.net,da.admission.net,Advertising
admission.net,media.admission.net,Advertising
admission.net,torque.admission.net,Advertising
adnxs.com,acdn.adnxs.com,Advertising
adnxs.com,cdn.adnxs.com,Advertising
adnxs.com,ib.adnxs.com,Advertising
adnxs.com,lax1-ib.adnxs.com,Advertising
adnxs.com,nym1-ib.adnxs.com,Advertising
adnxs.com,rb.adnxs.com,Advertising
adnxs.com,secure.adnxs.com,Advertising
adobe.com,adobeid-na1.services.adobe.com,Advertising
adobe.com,entitlement.auth.adobe.com,Advertising
adobe.com,geo.adobe.com,Advertising
adobe.com,geo2.adobe.com,Advertising
adobe.com,images-tv.adobe.com,Advertising
adobe.com,sp.auth.adobe.com,Advertising
adobe.com,sstats.adobe.com,Advertising
adobe.com,www.adobe.com,First Party
adobedtm.com,assets.adobedtm.com,Essential
adobeioruntime.net,adobeioruntime.net,Advertising
adobelogin.com,ims-na1.adobelogin.com,Essential
adobelogin.com,static.adobelogin.com,Essential
adotmob.com,sync.adotmob.com,Advertising
adrecover.com,delivery.adrecover.com,Advertising
adrecover.com,feedback.adrecover.com,Advertising
adroll.com,d.adroll.com,Advertising
adroll.com,s.adroll.com,Advertising
adsafeprotected.com,cdn.adsafeprotected.com,Advertising
adsafeprotected.com,dt.adsafeprotected.com,Advertising
adsafeprotected.com,pixel.adsafeprotected.com,Advertising
adsafeprotected.com,static.adsafeprotected.com,Advertising
ad-score.com,data.ad-score.com,Advertising
ad-score.com,js.ad-score.com,Advertising
adsrvr.org,insight.adsrvr.org,Advertising
adsrvr.org,js.adsrvr.org,Advertising
adsrvr.org,match.adsrvr.org,Advertising
ads-twitter.com,static.ads-twitter.com,Advertising
adsymptotic.com,p.adsymptotic.com,Advertising
adtechus.com,adserver.adtechus.com,Site Analytics
adtechus.com,aka-cdn.adtechus.com,Site Analytics
adtidy.org,filters.adtidy.org,Extension
adtng.com,a.adtng.com,Advertising
adtng.com,hw-cdn2.adtng.com,Advertising
adtng.com,vz-cdn2.adtng.com,Advertising
adultswim.com,www.adultswim.com,Unknown
advangelists.com,nep.advangelists.com,Advertising
advertising.com,ads.adaptv.advertising.com,Advertising
advertising.com,adserver.adtech.advertising.com,Advertising
advertising.com,adserver-us.adtech.advertising.com,Advertising
advertising.com,cdn.cmp.advertising.com,Advertising
advertising.com,pixel.advertising.com,Advertising
advertising.com,prod-m-node-1111.ssp.advertising.com,Advertising
advertising.com,sync.adaptv.advertising.com,Advertising
advertising.com,tag.sp.advertising.com,Advertising
advertising.com,video.adaptv.advertising.com,Advertising
agkn.com,aa.agkn.com,Advertising
agkn.com,d.agkn.com,Advertising
akamaihd.net,130-215-243-126_s-104-129-67-168_ts-1603400956-clienttons-s.akamaihd.net,Advertising
akamaihd.net,130-215-243-126_s-104-129-67-168_ts-1603401090-clienttons-s.akamaihd.net,Advertising
akamaihd.net,130-215-243-126_s-104-129-67-168_ts-1604339876-clienttons-s.akamaihd.net,Advertising
akamaihd.net,130-215-243-126_s-104-129-67-168_ts-1604339993-clienttons-s.akamaihd.net,Advertising
akamaihd.net,130-215-243-126_s-104-129-67-168_ts-1604340045-clienttons-s.akamaihd.net,Advertising
akamaihd.net,130-215-243-126_s-104-129-67-168_ts-1604354483-clienttons-s.akamaihd.net,Advertising
akamaihd.net,130-215-243-126_s-104-129-67-169_ts-1603401880-clienttons-s.akamaihd.net,Advertising
akamaihd.net,130-215-243-126_s-104-129-67-169_ts-1603743671-clienttons-s.akamaihd.net,Advertising
akamaihd.net,130-215-243-126_s-104-129-67-169_ts-1603744400-clienttons-s.akamaihd.net,Advertising
akamaihd.net,130-215-243-126_s-104-129-67-169_ts-1604355099-clienttons-s.akamaihd.net,Advertising
akamaihd.net,130-215-243-126_s-104-129-67-169_ts-1604355193-clienttons-s.akamaihd.net,Advertising
akamaihd.net,assetshuluimcom-a.akamaihd.net,Advertising
akamaihd.net,clipcentric-a.akamaihd.net,Advertising
akamaihd.net,ds-aksb-a.akamaihd.net,Advertising
akamaihd.net,embedwistia-a.akamaihd.net,Advertising
akamaihd.net,foxnewsplayer-a.akamaihd.net,Advertising
akamaihd.net,i82d7f300-ds-aksb-a.akamaihd.net,Advertising
akamaihd.net,qll7g7tiqfb2qx4r6t6a-p5u7u9-aa18dcd0f-clientnsv4-s.akamaihd.net,Advertising
akamaihd.net,qll7g7tiqfb2qx4r6wba-poylb9-139695cf1-clientnsv4-s.akamaihd.net,Advertising
akamaihd.net,qll7g7tiqfb2qx4r7cma-p63azq-949199fc1-clientnsv4-s.akamaihd.net,Advertising
akamaihd.net,qll7g7tiqfb2qx4xgkia-p8axre-f863d6cd3-clientnsv4-s.akamaihd.net,Advertising
akamaihd.net,qll7g7tiqfb2qx5ajcsa-pb9k5t-903cac142-clientnsv4-s.akamaihd.net,Advertising
akamaihd.net,qll7g7tiqfb2qx5ajemq-pohcrc-bcdf0a853-clientnsv4-s.akamaihd.net,Advertising
akamaihd.net,qll7g7tiqfb2qx5aqgzq-p3urpv-2bca29c30-clientnsv4-s.akamaihd.net,Advertising
akamaihd.net,qll7g7tiqfb2sx4xf63q-ptti6i-7755d4477-clientnsv4-s.akamaihd.net,Advertising
akamaihd.net,qll7g7tiqfb2sx5ajfgq-pornrj-c1fd9f057-clientnsv4-s.akamaihd.net,Advertising
akamaihd.net,qll7g7tiqfb2sx5aqqnq-pv7ndz-0ac21a228-clientnsv4-s.akamaihd.net,Advertising
akamaihd.net,qll7g7tiqfb2sx5aqr4q-ppoyyb-46241466c-clientnsv4-s.akamaihd.net,Advertising
akamaihd.net,qsearch-a.akamaihd.net,Advertising
akamaihd.net,res-a.akamaihd.net,Advertising
akamaihd.net,trial-eum-clientnsv4-s.akamaihd.net,Advertising
akamaihd.net,trial-eum-clienttons-s.akamaihd.net,Advertising
akamaized.net,amp.akamaized.net,Advertising
akamaized.net,img-prod-cms-rt-microsoft-com.akamaized.net,Advertising
akamaized.net,img-s-msn-com.akamaized.net,Advertising
akamaized.net,static-global-s-msn-com.akamaized.net,Advertising
akamaized.net,statics-marketingsites-eus-ms-com.akamaized.net,Advertising
akamaized.net,time-ae.akamaized.net,Advertising
akamaized.net,vop-yahoo.akamaized.net,Advertising
akstat.io,173c5b04.akstat.io,Site Analytics
akstat.io,173c5b05.akstat.io,Site Analytics
akstat.io,173c5b06.akstat.io,Site Analytics
akstat.io,173c5b08.akstat.io,Site Analytics
akstat.io,173c5b09.akstat.io,Site Analytics
akstat.io,173c5b0b.akstat.io,Site Analytics
akstat.io,173c5b0c.akstat.io,Site Analytics
akstat.io,173c5b0d.akstat.io,Site Analytics
akstat.io,173c5b0f.akstat.io,Site Analytics
akstat.io,17d09914.akstat.io,Site Analytics
akstat.io,17d09915.akstat.io,Site Analytics
akstat.io,17d09916.akstat.io,Site Analytics
akstat.io,17d09917.akstat.io,Site Analytics
akstat.io,17d09918.akstat.io,Site Analytics
akstat.io,17d09919.akstat.io,Site Analytics
akstat.io,17d0991b.akstat.io,Site Analytics
akstat.io,36cc2473.akstat.io,Site Analytics
akstat.io,36ebc234.akstat.io,Site Analytics
akstat.io,685b3919.akstat.io,Site Analytics
akstat.io,686eb519.akstat.io,Site Analytics
alexametrics.com,certify.alexametrics.com,Site Analytics
alexametrics.com,certify-js.alexametrics.com,Site Analytics
aliapp.org,us.ynuf.aliapp.org,Unknown
alibaba.com,22sm05.tdum.alibaba.com,Advertising
alibaba.com,2g1eir.tdum.alibaba.com,Advertising
alibaba.com,2iqfdh.tdum.alibaba.com,Advertising
alibaba.com,2mtn1a.tdum.alibaba.com,Advertising
alibaba.com,3ke96u.tdum.alibaba.com,Advertising
alibaba.com,3zrmxo.tdum.alibaba.com,Advertising
alibaba.com,4su4qc.tdum.alibaba.com,Advertising
alibaba.com,4w9to1.tdum.alibaba.com,Advertising
alibaba.com,54ars1.tdum.alibaba.com,Advertising
alibaba.com,5yvfnf.tdum.alibaba.com,Advertising
alibaba.com,60pccr.tdum.alibaba.com,Advertising
alibaba.com,6uj7gf.tdum.alibaba.com,Advertising
alibaba.com,6vfwp4.tdum.alibaba.com,Advertising
alibaba.com,7anrz9.tdum.alibaba.com,Advertising
alibaba.com,7vgn8w.tdum.alibaba.com,Advertising
alibaba.com,81dein.tdum.alibaba.com,Advertising
alibaba.com,8d9ap0.tdum.alibaba.com,Advertising
alibaba.com,95aq37.tdum.alibaba.com,Advertising
alibaba.com,992kb8.tdum.alibaba.com,Advertising
alibaba.com,aa0zta.tdum.alibaba.com,Advertising
alibaba.com,ah44lr.tdum.alibaba.com,Advertising
alibaba.com,bbqzts.tdum.alibaba.com,Advertising
alibaba.com,bbvehl.tdum.alibaba.com,Advertising
alibaba.com,cfcmli.tdum.alibaba.com,Advertising
alibaba.com,cmapp9.tdum.alibaba.com,Advertising
alibaba.com,cukb48.tdum.alibaba.com,Advertising
alibaba.com,e9djwc.tdum.alibaba.com,Advertising
alibaba.com,m.alibaba.com,Advertising
alicdn.com,a1.alicdn.com,Unknown
alicdn.com,ae01.alicdn.com,Unknown
alicdn.com,aecpm.alicdn.com,Unknown
alicdn.com,aeis.alicdn.com,Unknown
alicdn.com,aeu.alicdn.com,Unknown
alicdn.com,ald-lamp-us.alicdn.com,Unknown
alicdn.com,assets.alicdn.com,Unknown
alicdn.com,at.alicdn.com,Unknown
alicdn.com,atanx.alicdn.com,Unknown
alicdn.com,atanx2.alicdn.com,Unknown
alicdn.com,g.alicdn.com,Unknown
alicdn.com,i.alicdn.com,Unknown
alicdn.com,img.alicdn.com,Unknown
alicdn.com,is.alicdn.com,Unknown
aliexpress.com,acs.aliexpress.com,Unknown
aliexpress.com,campaign.aliexpress.com,Unknown
aliexpress.com,cdp.aliexpress.com,Unknown
aliexpress.com,gpsfront.aliexpress.com,Unknown
aliexpress.com,ilce.aliexpress.com,Unknown
aliexpress.com,lighthouse.aliexpress.com,Unknown
aliexpress.com,message.aliexpress.com,Unknown
aliexpress.com,pcookie.aliexpress.com,Unknown
aliexpress.com,www.aliexpress.com,First Party
aliexpress.ru,login.aliexpress.ru,Unknown
alipay.com,ynuf.alipay.com,Unknown
aliyun.com,acjs.aliyun.com,Unknown
aliyuncs.com,retcode-us-west-1.arms.aliyuncs.com,Unknown
amazon.com,aan.amazon.com,Unknown
amazon.com,completion.amazon.com,Unknown
amazon.com,fls-na.amazon.com,Unknown
amazon.com,unagi.amazon.com,Unknown
amazon.com,unagi-na.amazon.com,Unknown
amazon.com,www.amazon.com,First Party
amazon-adsystem.com,aax-us-east.amazon-adsystem.com,Advertising
amazon-adsystem.com,c.amazon-adsystem.com,Advertising
amazon-adsystem.com,s.amazon-adsystem.com,Advertising
amazonaws.com,s3.amazonaws.com,Essential
amazonaws.com,wt1ugse0be.execute-api.us-west-2.amazonaws.com,Essential
amplitude.com,api.amplitude.com,Site Analytics
ampproject.org,cdn.ampproject.org,Essential
cdn2.ang-content.com,hw-cdn2.ang-content.com,Unknown
aol.com,s2s-rtb-selector.us-east-1.prod.one4p.aol.com,Advertising
aolcdn.com,s.aolcdn.com,Essential
app.link,app.link,Unknown
appdynamics.com,cdn.appdynamics.com,Site Analytics
appier.net,gocm.c.appier.net,Advertising
appier.net,rcp.c.appier.net,Advertising
apple.com,securemetrics.apple.com,Unknown
apple.com,securemvt.apple.com,Unknown
apple.com,www.apple.com,First Party
associates-amazon.com,assoc-na.associates-amazon.com,Unknown
aswpsdkus.com,aswpsdkus.com,Unknown
atdmt.com,ad.atdmt.com,Advertising
atdmt.com,cx.atdmt.com,Advertising
att.com,myattlog.att.com,Advertising
att.com,www.att.com,Advertising
atwola.com,at.atwola.com,Advertising
atwola.com,us.y.atwola.com,Advertising
avct.cloud,ads.avct.cloud,Unknown
azurewebsites.net,dapadobeproxyql.azurewebsites.net,Unknown
azurewebsites.net,dapadobeproxytest.azurewebsites.net,Unknown
behave.com,ssp.behave.com,Advertising
betrad.com,c.betrad.com,Advertising
betweendigital.com,ads.betweendigital.com,Advertising
bfmio.com,sync.bfmio.com,Unknown
bidr.io,match.prod.bidr.io,Advertising
bidswitch.net,gce-sc.bidswitch.net,Advertising
bidswitch.net,pdc.bidswitch.net,Advertising
bidswitch.net,r.bidswitch.net,Advertising
bidswitch.net,us-east-sync.bidswitch.net,Advertising
bidswitch.net,x.bidswitch.net,Advertising
bidtheatre.com,match.adsby.bidtheatre.com,Advertising
bing.com,bat.bing.com,Unknown
bing.com,c.bing.com,Unknown
bing.com,g.bing.com,Unknown
bing.com,platform.bing.com,Unknown
bing.com,r.bing.com,Unknown
bing.com,rafd.bing.com,Unknown
bing.com,www.bing.com,First Party
bizible.com,cdn.bizible.com,Advertising
bizibly.com,cdn.bizibly.com,Advertising
bizographics.com,www.bizographics.com,Advertising
bkrtx.com,tags.bkrtx.com,Advertising
bleacherreport.com,bleacherreport.com,First Party
blismedia.com,tr.blismedia.com,Advertising
bluekai.com,stags.bluekai.com,Advertising
bluekai.com,tags.bluekai.com,Advertising
boomtrain.com,cdn.boomtrain.com,Customer Interaction
boomtrain.com,onsiterecs.api.boomtrain.com,Customer Interaction
boomtrain.com,people.api.boomtrain.com,Customer Interaction
bootstrapcdn.com,maxcdn.bootstrapcdn.com,Essential
bounceexchange.com,assets.bounceexchange.com,Advertising
bounceexchange.com,cnn.bounceexchange.com,Advertising
bounceexchange.com,tag.bounceexchange.com,Advertising
bouncex.net,events.bouncex.net,Advertising
branch.io,api2.branch.io,Advertising
brand-display.com,dmp.brand-display.com,Advertising
brave.com,brave-core-ext.s3.brave.com,Extension
brave.com,componentupdater.brave.com,Extension
brave.com,crlsets.brave.com,Extension
brave.com,go-updater.brave.com,Extension
brave.com,laptop-updates.brave.com,Extension
brave.com,p3a.brave.com,Extension
brealtime.com,biddr.brealtime.com,Advertising
brealtime.com,js.brealtime.com,Advertising
breitbart.com,media.breitbart.com,Essential
breitbart.com,www.breitbart.com,First Party
btloader.com,api.btloader.com,Unknown
btloader.com,btloader.com,Unknown
btncdn.com,web.btncdn.com,Unknown
bttrack.com,bttrack.com,Advertising
btttag.com,d.btttag.com,Site Analytics
casalemedia.com,a1510.casalemedia.com,Advertising
casalemedia.com,a3665.casalemedia.com,Advertising
casalemedia.com,as-sec.casalemedia.com,Advertising
casalemedia.com,dsum.casalemedia.com,Advertising
casalemedia.com,dsum-sec.casalemedia.com,Advertising
casalemedia.com,htlb.casalemedia.com,Advertising
casalemedia.com,ssum-sec.casalemedia.com,Advertising
ccgateway.net,analytics.ccgateway.net,Unknown
ccgateway.net,carbon-cdn.ccgateway.net,Unknown
ccgateway.net,cdn.ccgateway.net,Unknown
ccgateway.net,imgur.ccgateway.net,Unknown
celtra.com,ads.celtra.com,Audio/Video Player
celtra.com,cache-ssl.celtra.com,Audio/Video Player
celtra.com,track.celtra.com,Audio/Video Player
chartbeat.com,mab.chartbeat.com,Site Analytics
chartbeat.com,static.chartbeat.com,Site Analytics
chartbeat.net,mabping.chartbeat.net,Site Analytics
chartbeat.net,pespn.chartbeat.net,Site Analytics
chartbeat.net,ping.chartbeat.net,Site Analytics
chartbeat.net,pnytimes.chartbeat.net,Site Analytics
chase.com,analytics.chase.com,Site Analytics
chase.com,midas.chase.com,Unknown
chase.com,secure01b.chase.com,Unknown
chase.com,secure03b.chase.com,Unknown
chase.com,secure07c.chase.com,Unknown
chase.com,sites.chase.com,Unknown
chase.com,target.chase.com,Unknown
chase.com,www.chase.com,First Party
chasecdn.com,static.chasecdn.com,Unknown
chaturbate.com,chaturbate.com,First Party
chaturbate.com,www.chaturbate.com,First Party
chtbl.com,web.chtbl.com,Unknown
clarium.io,protected-by.clarium.io,Advertising
clean.gg,i.clean.gg,Unknown
clearbit.com,js.clearbit.com,Site Analytics
clearbit.com,x.clearbit.com,Site Analytics
clickagy.com,aorta.clickagy.com,Site Analytics
clicktale.net,c.clicktale.net,Site Analytics
clicktale.net,cdnssl.clicktale.net,Site Analytics
clicktale.net,ing-district.clicktale.net,Site Analytics
clipcentric.com,ad.clipcentric.com,Advertising
clipcentric.com,tr.clipcentric.com,Advertising
cloudflare.com,cdnjs.cloudflare.com,Essential
cloudfront.net,d10lpsik1i8c69.cloudfront.net,Unknown
cloudfront.net,d1bvk193qme2fc.cloudfront.net,Unknown
cloudfront.net,d1vl8wytztdz.cloudfront.net,Unknown
cloudfront.net,d23tl967axkois.cloudfront.net,Unknown
cloudfront.net,d24cgw3uvb9a9h.cloudfront.net,Unknown
cloudfront.net,d27xxe7juh1us6.cloudfront.net,Unknown
cloudfront.net,d2in0p32vp1pij.cloudfront.net,Unknown
cloudfront.net,d2o5idwacg3gyw.cloudfront.net,Unknown
cloudfront.net,d2uap9jskdzp2.cloudfront.net,Unknown
cloudfront.net,d2v02itv0y9u9t.cloudfront.net,Unknown
cloudfront.net,d31otfhas71ais.cloudfront.net,Unknown
cloudfront.net,d31qbv1cthcecs.cloudfront.net,Unknown
cloudfront.net,d35u1vg1q28b3w.cloudfront.net,Unknown
cloudfront.net,d3fw5vlhllyvee.cloudfront.net,Unknown
cloudfront.net,d3hbwax96mbv6t.cloudfront.net,Unknown
cloudfront.net,de9a11s35xj3d.cloudfront.net,Unknown
cloudfront.net,dw7nrwnn2bkh1.cloudfront.net,Unknown
cnn.com,agility.cnn.com,Unknown
cnn.com,cdn.cnn.com,Unknown
cnn.com,data.cnn.com,Unknown
cnn.com,dynaimage.cdn.cnn.com,Unknown
cnn.com,mms.cnn.com,Unknown
cnn.com,smetrics.cnn.com,Unknown
cnn.com,umto.cnn.com,Unknown
cnn.com,www.cnn.com,First Party
cnn.com,www.i.cdn.cnn.com,Unknown
cnn.io,zion.api.cnn.io,Unknown
co.jp,b92.yahoo.co.jp,Unknown
cognitivlabs.com,beacon.lynx.cognitivlabs.com,Unknown
company-target.com,api.company-target.com,Advertising
company-target.com,segments.company-target.com,Advertising
company-target.com,site-optimization-api.company-target.com,Advertising
consensu.org,d.adroll.mgr.consensu.org,Advertising
consensu.org,quantcast.mgr.consensu.org,Advertising
consensu.org,test.quantcast.mgr.consensu.org,Advertising
contentsquare.net,c.contentsquare.net,Site Analytics
contentsquare.net,r.contentsquare.net,Site Analytics
contextweb.com,bh.contextweb.com,Advertising
cookielaw.org,cdn.cookielaw.org,Unknown
cpx.to,s.cpx.to,Unknown
craigslist.org,geo.craigslist.org,Unknown
craigslist.org,worcester.craigslist.org,First Party
craigslist.org,www.craigslist.org,First Party
createjs.com,code.createjs.com,Essential
creativecdn.com,ams.creativecdn.com,Advertising
creativecdn.com,creativecdn.com,Advertising
creativecdn.com,us.creativecdn.com,Advertising
creative-serving.com,ads.creative-serving.com,Advertising
criteo.com,ag.gbc.criteo.com,Advertising
criteo.com,bidder.criteo.com,Advertising
criteo.com,dis.criteo.com,Advertising
criteo.com,gem.gbc.criteo.com,Advertising
criteo.com,gum.criteo.com,Advertising
criteo.com,sslwidget.criteo.com,Advertising
criteo.net,csm.va.us.criteo.net,Advertising
criteo.net,static.criteo.net,Advertising
crwdcntrl.net,bcp.crwdcntrl.net,Advertising
crwdcntrl.net,sync.crwdcntrl.net,Advertising
ctnsnet.com,gcm.ctnsnet.com,Advertising
dc-storm.com,nypi.dc-storm.com,Advertising
dditsadn.com,api-gateway.dditsadn.com,Unknown
dditscdn.com,dss-live-109-71-164-55.dditscdn.com,Adult Advertising
dditscdn.com,dss-live-109-71-164-57.dditscdn.com,Adult Advertising
dditscdn.com,dss-relay-109-71-164-49.dditscdn.com,Adult Advertising
dditscdn.com,dss-relay-109-71-164-51.dditscdn.com,Adult Advertising
dditscdn.com,dss-relay-109-71-164-52.dditscdn.com,Adult Advertising
dditscdn.com,dss-relay-109-71-164-54.dditscdn.com,Adult Advertising
dditscdn.com,dss-relay-109-71-164-55.dditscdn.com,Adult Advertising
dditscdn.com,dss-relay-109-71-164-57.dditscdn.com,Adult Advertising
dditscdn.com,imgx0.dditscdn.com,Adult Advertising
dditscdn.com,imgx1.dditscdn.com,Adult Advertising
dditscdn.com,imgx2.dditscdn.com,Adult Advertising
dditscdn.com,imgx3.dditscdn.com,Adult Advertising
dditscdn.com,ip-109-71-162-131.dditscdn.com,Adult Advertising
dditscdn.com,jaws.dditscdn.com,Adult Advertising
dditscdn.com,static.dditscdn.com,Adult Advertising
dditscdn.com,staticx1.dditscdn.com,Adult Advertising
dditscdn.com,staticx2.dditscdn.com,Adult Advertising
dditscdn.com,staticx3.dditscdn.com,Adult Advertising
dditscdn.com,staticx4.dditscdn.com,Adult Advertising
deepintent.com,match.deepintent.com,Advertising
demandbase.com,api.demandbase.com,Advertising
demandbase.com,scripts.demandbase.com,Advertising
demandbase.com,tag.demandbase.com,Advertising
demdex.net,adobe.demdex.net,Advertising
demdex.net,dpm.demdex.net,Advertising
demdex.net,foxnews.demdex.net,Advertising
demdex.net,gm.demdex.net,Advertising
demdex.net,homedepot.demdex.net,Advertising
demdex.net,jpmcbankna.demdex.net,Advertising
demdex.net,lnkd.demdex.net,Advertising
demdex.net,mscom.demdex.net,Advertising
demdex.net,salesforcecom.demdex.net,Advertising
demdex.net,turner2.demdex.net,Advertising
demdex.net,wellsfargobankna.demdex.net,Advertising
digitaleast.mobi,rubiconcm.digitaleast.mobi,Unknown
digitru.st,bsw.digitru.st,Advertising
disconnect.me,disconnect.me,Extension
disconnect.me,services.disconnect.me,Extension
disqus.com,breitbartproduction.disqus.com,Comments
districtm.io,cdn.districtm.io,Advertising
districtm.io,dmx.districtm.io,Advertising
districtm.io,dmx.us-east-12.districtm.io,Advertising
districtm.io,dmx.us-east-15.districtm.io,Advertising
dnacdn.net,dnacdn.net,Unknown
dotomi.com,casale-match.dotomi.com,Advertising
dotomi.com,dclk-match.dotomi.com,Advertising
dotomi.com,districtm-match.dotomi.com,Advertising
dotomi.com,medianet-match.dotomi.com,Advertising
dotomi.com,pubmatic-match.dotomi.com,Advertising
dotomi.com,pulsepoint-match.dotomi.com,Advertising
doubleclick.net,10287553.fls.doubleclick.net,Advertising
doubleclick.net,2382028.fls.doubleclick.net,Advertising
doubleclick.net,2549153.fls.doubleclick.net,Advertising
doubleclick.net,3797690.fls.doubleclick.net,Advertising
doubleclick.net,4704202.fls.doubleclick.net,Advertising
doubleclick.net,4968236.fls.doubleclick.net,Advertising
doubleclick.net,5290727.fls.doubleclick.net,Advertising
doubleclick.net,8114842.fls.doubleclick.net,Advertising
doubleclick.net,8166291.fls.doubleclick.net,Advertising
doubleclick.net,8397396.fls.doubleclick.net,Advertising
doubleclick.net,8666735.fls.doubleclick.net,Advertising
doubleclick.net,8980432.fls.doubleclick.net,Advertising
doubleclick.net,9910951.fls.doubleclick.net,Advertising
doubleclick.net,ad.doubleclick.net,Advertising
doubleclick.net,bid.g.doubleclick.net,Advertising
doubleclick.net,cm.g.doubleclick.net,Advertising
doubleclick.net,fls.doubleclick.net,Advertising
doubleclick.net,googleads.g.doubleclick.net,Advertising
doubleclick.net,googleads4.g.doubleclick.net,Advertising
doubleclick.net,securepubads.g.doubleclick.net,Advertising
doubleclick.net,static.doubleclick.net,Advertising
doubleclick.net,stats.g.doubleclick.net,Advertising
doubleverify.com,cdn.doubleverify.com,Advertising
doubleverify.com,cdn3.doubleverify.com,Advertising
doubleverify.com,rtb0.doubleverify.com,Advertising
doubleverify.com,rtbcdn.doubleverify.com,Advertising
doubleverify.com,tps.doubleverify.com,Advertising
doubleverify.com,tps10200.doubleverify.com,Advertising
doubleverify.com,tps10220.doubleverify.com,Advertising
doubleverify.com,tps10222.doubleverify.com,Advertising
doubleverify.com,tps10232.doubleverify.com,Advertising
doubleverify.com,tps10241.doubleverify.com,Advertising
doubleverify.com,tps10254.doubleverify.com,Advertising
doubleverify.com,tps10257.doubleverify.com,Advertising
doubleverify.com,tps10259.doubleverify.com,Advertising
doubleverify.com,tps10261.doubleverify.com,Advertising
doubleverify.com,tps619.doubleverify.com,Advertising
doubleverify.com,tps623.doubleverify.com,Advertising
driftt.com,js.driftt.com,Unknown
dropbox.com,dropbox.com,First Party
dropbox.com,marketing.dropbox.com,Advertising
snapengage.dropbox.com,snapengage.dropbox.com,Advertising
dropbox.com,www.dropbox.com,First Party
dropboxstatic.com,cfl.dropboxstatic.com,Unknown
dropboxstatic.com,www.dropboxstatic.com,Unknown
duckduckgo.com,duckduckgo.com,Extension
duckduckgo.com,improving.duckduckgo.com,Extension
duckduckgo.com,staticcdn.duckduckgo.com,Extension
dwin1.com,www.dwin1.com,Advertising
dyntrk.com,c.eu1.dyntrk.com,Advertising
dyntrk.com,gu.dyntrk.com,Advertising
ebay.com,monitor.ebay.com,Unknown
ebay.com,ocsrest.ebay.com,Unknown
ebay.com,pages.ebay.com,Unknown
ebay.com,pulsar.ebay.com,Unknown
ebay.com,rover.ebay.com,Unknown
ebay.com,sofe.ebay.com,Unknown
ebay.com,svcs.ebay.com,Unknown
ebay.com,www.ebay.com,Unknown
ebaycdn.net,fastly-static.ebaycdn.net,Unknown
ebaycdn.net,level3-static.ebaycdn.net,Unknown
ebayimg.com,i.ebayimg.com,Unknown
ebayrtm.com,srv.main.ebayrtm.com,Unknown
ebaystatic.com,ir.ebaystatic.com,Advertising
ebaystatic.com,secureir.ebaystatic.com,Unknown
ebay-us.com,src.ebay-us.com,Unknown
edgekey.net,79423.analytics.edgekey.net,Site Analytics
edgekey.net,ma1498-r.analytics.edgekey.net,Site Analytics
eff.org,www.eff.org,Unknown
embedly.com,cdn.embedly.com,Unknown
emerse.com,tracking.emerse.com,Advertising
emxdgt.com,cs.emxdgt.com,Advertising
emxdgt.com,e1.emxdgt.com,Advertising
emxdgt.com,hb.emxdgt.com,Advertising
emxdgt.com,imp.emxdgt.com,Advertising
ensighten.com,nexus.ensighten.com,Essential
eqads.com,um2.eqads.com,Advertising
erne.co,green.erne.co,Advertising
espn.com,api-app.espn.com,Unknown
espn.com,artwork.api.espn.com,Unknown
espn.com,assets.espn.com,Unknown
espn.com,broadband.espn.com,Unknown
espn.com,dcf.espn.com,Unknown
espn.com,fan.api.espn.com,Unknown
espn.com,onefeed.fan.api.espn.com,Unknown
espn.com,plus.espn.com,Unknown
espn.com,secure.espn.com,Unknown
espn.com,site.web.api.espn.com,Unknown
espn.com,sw88.espn.com,Unknown
espn.com,tredir.espn.com,Unknown
espn.com,www.espn.com,First Party
espncdn.com,a.espncdn.com,Unknown
espncdn.com,a1.espncdn.com,Unknown
espncdn.com,a2.espncdn.com,Unknown
espncdn.com,a3.espncdn.com,Unknown
espncdn.com,a4.espncdn.com,Unknown
espncdn.com,artwork.espncdn.com,Unknown
espncdn.com,fcast.espncdn.com,Unknown
espncdn.com,s.secure.espncdn.com,Unknown
espncdn.com,secure.espncdn.com,Unknown
etsy.com,blog.etsy.com,Unknown
etsy.com,www.etsy.com,Unknown
etsystatic.com,i.etsystatic.com,Unknown
etsystatic.com,img0.etsystatic.com,Unknown
everestjs.net,www.everestjs.net,Advertising
everesttech.net,cm.everesttech.net,Advertising
everesttech.net,lasteventf-tm.everesttech.net,Advertising
everesttech.net,pixel.everesttech.net,Advertising
everesttech.net,rtd-tm.everesttech.net,Advertising
everesttech.net,sync-tm.everesttech.net,Advertising
evergage.com,salesforce.us-1.evergage.com,Customer Interaction
evgnet.com,cdn.evgnet.com,Unknown
evidon.com,c.evidon.com,Essential
exelator.com,load77.exelator.com,Advertising
exelator.com,loadeu.exelator.com,Advertising
exelator.com,loadm.exelator.com,Advertising
exelator.com,loadus.exelator.com,Advertising
exoticads.com,adserver.exoticads.com,Adult Advertising
exoticads.com,cdn.exoticads.com,Adult Advertising
exoticads.com,content.exoticads.com,Adult Advertising
extend.tv,sync.extend.tv,Advertising
eyeota.net,ps.eyeota.net,Advertising
eyereturn.com,cm.eyereturn.com,Advertising
facebook.com,facebook.com,Social
facebook.com,www.facebook.com,Social
facebook.net,connect.facebook.net,Social
fastly.net,webcontentassessor.global.ssl.fastly.net,Unknown
fbcdn.net,fbcdn.net,Advertising
fbcdn.net,scontent-bos3-1.xx.fbcdn.net,Advertising
fbcdn.net,static.xx.fbcdn.net,Advertising
fbcdn.net,video-bos3-1.xx.fbcdn.net,Advertising
fbsbx.com,fbsbx.com,Site Analytics
fiftyt.com,visitor.fiftyt.com,Unknown
firefox.com,detectportal.firefox.com,Essential
flashtalking.com,servedby.flashtalking.com,Advertising
fncstatic.com,global.fncstatic.com,Unknown
fn-pz.com,vision.fn-pz.com,Unknown
footprint.net,vop-yahoo.secure.footprint.net,Unknown
force.com,service.force.com,Unknown
force.com,www.force.com,First Party
forter.com,14ac2f9b630b4d1390c8ed50bcb74cee-1ad356638475.cdn.forter.com,Advertising
forter.com,1ad356638475.cdn4.forter.com,Advertising
forter.com,9190c8bb802c436c8a80719f22db73af-1ad356638475.cdn.forter.com,Advertising
forter.com,a64b1f6da3a1424aa736ec353566d481-1ad356638475.cdn.forter.com,Advertising
forter.com,be293e8ff7bd487385ae01bd34deb905-1ad356638475.cdn.forter.com,Advertising
forter.com,cdn0.forter.com,Advertising
forter.com,cdn3.forter.com,Advertising
forter.com,cdn9.forter.com,Advertising
foxbusiness.com,idms.foxbusiness.com,Unknown
foxbusiness.com,www.foxbusiness.com,Unknown
foxnews.com,247preview.foxnews.com,Unknown
foxnews.com,a57.foxnews.com,Unknown
foxnews.com,api.foxnews.com,Unknown
foxnews.com,api.nova.foxnews.com,Unknown
foxnews.com,apps.foxnews.com,Unknown
foxnews.com,feeds-elections.foxnews.com,Unknown
foxnews.com,hp.foxnews.com,Unknown
foxnews.com,my.foxnews.com,Unknown
foxnews.com,public.media.foxnews.com,Unknown
foxnews.com,smetrics.foxnews.com,Unknown
foxnews.com,static.foxnews.com,Unknown
foxnews.com,www.foxnews.com,First Party
fqtag.com,c.fqtag.com,Advertising
fqtag.com,cdn.fqtag.com,Advertising
geistm.com,id.geistm.com,Unknown
geoedge.be,rumcdn.geoedge.be,Unknown
geoip-js.com,geoip-js.com,Unknown
getadblock.com,getadblock.com,Extension
getadblock.com,log.getadblock.com,Extension
getadblock.com,ping.getadblock.com,Extension
gfx.ms,mem.gfx.ms,Unknown
gfycat.com,gfycat.com,Unknown
ggpht.com,yt3.ggpht.com,Essential
ghostery.com,cdn.ghostery.com,Extension
ghostery.com,cdn2.ghostery.com,Extension
ghostery.com,cmp-cdn.ghostery.com,Extension
ghostery.com,d.ghostery.com,Extension
ghostery.net,api.ghostery.net,Extension
ghostery.net,cdn.ghostery.net,Extension
ghostery.net,collector-hpn.ghostery.net,Extension
ghostery.net,offers-api.ghostery.net,Extension
ghostery.net,safe-browsing-quorum.privacy.ghostery.net,Extension
githubusercontent.com,raw.githubusercontent.com,Unknown
globalsign.com,ocsp2.globalsign.com,Unknown
go.com,cdn.registerdisney.go.com,Unknown
go.com,cdn.unid.go.com,Unknown
go.com,fastcast.semfs.engsvc.go.com,Unknown
go.com,unid.go.com,Unknown
go.com:9573,p61311807-a821-43ec-ba71-1b5e646042ed-3-237-173-252.fastcast.semfs.engsvc.go.com:9573,Unknown
go.com:9573,p72765941-de44-4d35-9008-f04aecf96df2-34-230-72-182.fastcast.semfs.engsvc.go.com:9573,Unknown
go.com:9573,pb97e4523-052f-4bf0-9b17-6ae7fa8eba9a-54-157-21-0.fastcast.semfs.engsvc.go.com:9573,Unknown
go.com:9573,pf18a89a7-1294-46c3-a122-74396db84078-3-95-158-219.fastcast.semfs.engsvc.go.com:9573,Unknown
go-mpulse.net,c.go-mpulse.net,Site Analytics
go-mpulse.net,s.go-mpulse.net,Site Analytics
go-mpulse.net,s2.go-mpulse.net,Site Analytics
google.com,accounts.google.com,Advertising
google.com,adservice.google.com,Advertising
google.com,analytics.google.com,Site Analytics
google.com,android.clients.google.com,Unknown
google.com,apis.google.com,Unknown
google.com,clients4.google.com,Unknown
google.com,contributor.google.com,Unknown
google.com,fcmatch.google.com,Unknown
google.com,fonts.google.com,Unknown
google.com,fundingchoicesmessages.google.com,Advertising
google.com,google.com,Unknown
google.com,id.google.com,Unknown
google.com,news.google.com,Unknown
google.com,ogs.google.com,Unknown
google.com,play.google.com,Unknown
google.com,script.google.com,Unknown
google.com,www.google.com,First Party
googleadservices.com,partner.googleadservices.com,Advertising
googleadservices.com,www.googleadservices.com,Advertising
google-analytics.com,www.google-analytics.com,Site Analytics
googleapis.com,ajax.googleapis.com,Advertising
googleapis.com,clientservices.googleapis.com,Advertising
googleapis.com,fonts.googleapis.com,Advertising
googleapis.com,imasdk.googleapis.com,Advertising
googleapis.com,maps.googleapis.com,Advertising
googleapis.com,oauthaccountmanager.googleapis.com,Essential
googleapis.com,storage.googleapis.com,Advertising
googleapis.com,update.googleapis.com,Advertising
googleapis.com,www.googleapis.com,Advertising
googleoptimize.com,www.googleoptimize.com,Unknown
googlesyndication.com,063f62e59a7ccccb4b087387a12fbdd6.safeframe.googlesyndication.com,Advertising
googlesyndication.com,098820f14a9f0a356bcf0375b550fc18.safeframe.googlesyndication.com,Advertising
googlesyndication.com,237d4edf2b6f2fdd783407506a4263a9.safeframe.googlesyndication.com,Advertising
googlesyndication.com,2a89b9dc9f171855261585fbbaa9b6b7.safeframe.googlesyndication.com,Advertising
googlesyndication.com,36f58c293453d6ac0773f2d692bf8b27.safeframe.googlesyndication.com,Advertising
googlesyndication.com,3bb1423cffef94636be19d4ffc7ca4e3.safeframe.googlesyndication.com,Advertising
googlesyndication.com,4c5f06c06e3342d02685fceb09538033.safeframe.googlesyndication.com,Advertising
googlesyndication.com,4d13cecf2483daef353d8a0c418f0dde.safeframe.googlesyndication.com,Advertising
googlesyndication.com,55cf1a49aa07af3a2a26bec375e413a5.safeframe.googlesyndication.com,Advertising
googlesyndication.com,58e895f65000fc07b980e30f1bc0162c.safeframe.googlesyndication.com,Advertising
googlesyndication.com,59503e7e3ac8d5054d71bc4685fe863a.safeframe.googlesyndication.com,Advertising
googlesyndication.com,5cb8dfb79d8bcafa04cc923d34175dc2.safeframe.googlesyndication.com,Advertising
googlesyndication.com,82f993aae96f34c61bf9c5e80abbf767.safeframe.googlesyndication.com,Advertising
googlesyndication.com,864f149588fa0e6a0f5bbc4c12db0f57.safeframe.googlesyndication.com,Advertising
googlesyndication.com,869fe4124e7da5e5e087e653295531f8.safeframe.googlesyndication.com,Advertising
googlesyndication.com,882ace8937590710fa9fbc8094a96472.safeframe.googlesyndication.com,Advertising
googlesyndication.com,8a131ba69d2753527f5be2634b2456d4.safeframe.googlesyndication.com,Advertising
googlesyndication.com,8a695f3a8cf7487191448d0c044369f5.safeframe.googlesyndication.com,Advertising
googlesyndication.com,9252a1372a03b812f48b2b05ce1974bd.safeframe.googlesyndication.com,Advertising
googlesyndication.com,92ab3581171b571a7f2a31de22f10295.safeframe.googlesyndication.com,Advertising
googlesyndication.com,9ceece028eb2d4d456390b29efccd164.safeframe.googlesyndication.com,Advertising
googlesyndication.com,9eb1b156f406173610c0a39a82caf77b.safeframe.googlesyndication.com,Advertising
googlesyndication.com,a4557867bae3c43943dd31b76756da2d.safeframe.googlesyndication.com,Advertising
googlesyndication.com,ade.googlesyndication.com,Advertising
googlesyndication.com,d1c93aa6f1c06356411173c99e0e9ca7.safeframe.googlesyndication.com,Advertising
googlesyndication.com,d327faa1d81f219f3dfe435272b578c9.safeframe.googlesyndication.com,Advertising
googlesyndication.com,d7a5d2b33224328415305d77cacd472e.safeframe.googlesyndication.com,Advertising
googlesyndication.com,df830545f14182e60a06c7ec1afea2f6.safeframe.googlesyndication.com,Advertising
googlesyndication.com,f0abe9047903a33dbd30da7d20d4073c.safeframe.googlesyndication.com,Advertising
googlesyndication.com,f622adb0f78fe7121ee54e10e2a7a00e.safeframe.googlesyndication.com,Advertising
googlesyndication.com,pagead2.googlesyndication.com,Advertising
googlesyndication.com,tpc.googlesyndication.com,Advertising
googletagmanager.com,www.googletagmanager.com,Essential
googletagservices.com,www.googletagservices.com,Essential
googleusercontent.com,lh3.googleusercontent.com,Advertising
googleusercontent.com,script.googleusercontent.com,Advertising
googlevideo.com,r1---sn-ab5l6nsr.googlevideo.com,Unknown
googlevideo.com,r1---sn-ab5l6nzd.googlevideo.com,Unknown
googlevideo.com,r1---sn-ab5szn7y.googlevideo.com,Unknown
googlevideo.com,r1---sn-ab5sznld.googlevideo.com,Unknown
googlevideo.com,r2---sn-ab5l6n67.googlevideo.com,Unknown
googlevideo.com,r2---sn-ab5l6nzd.googlevideo.com,Unknown
googlevideo.com,r2---sn-ab5sznl7.googlevideo.com,Unknown
googlevideo.com,r2---sn-ab5sznly.googlevideo.com,Unknown
googlevideo.com,r3---sn-ab5szn7l.googlevideo.com,Unknown
googlevideo.com,r6---sn-ab5szn7e.googlevideo.com,Unknown
granify.com,cdn.granify.com,Site Analytics
granify.com,matching.granify.com,Site Analytics
greatbigstory.com,www.greatbigstory.com,Unknown
gstatic.com,csi.gstatic.com,Advertising
gstatic.com,encrypted-tbn0.gstatic.com,Advertising
gstatic.com,encrypted-tbn1.gstatic.com,Advertising
gstatic.com,encrypted-tbn2.gstatic.com,Advertising
gstatic.com,encrypted-tbn3.gstatic.com,Advertising
gstatic.com,fonts.gstatic.com,Advertising
gstatic.com,p4-cuzxorpw5gr2c-jnzgl3yrhhohvphf-280032-s1-v6exp3-v4.metric.gstatic.com,Advertising
gstatic.com,p4-cuzxorpw5gr2c-jnzgl3yrhhohvphf-if-v6exp3-v4.metric.gstatic.com,Advertising
gstatic.com,p4-hyzc2fbhsneik-fgjetsyb2q7kakve-386024-i1-v6exp3.ds.metric.gstatic.com,Advertising
gstatic.com,p4-hyzc2fbhsneik-fgjetsyb2q7kakve-386024-i2-v6exp3.v4.metric.gstatic.com,Advertising
gstatic.com,p4-hyzc2fbhsneik-fgjetsyb2q7kakve-386024-s1-v6exp3-v4.metric.gstatic.com,Advertising
gstatic.com,p4-hyzc2fbhsneik-fgjetsyb2q7kakve-if-v6exp3-v4.metric.gstatic.com,Advertising
gstatic.com,ssl.gstatic.com,Advertising
gstatic.com,www.gstatic.com,Advertising
gumgum.com,rtb.gumgum.com,Advertising
gvt2.com,beacons.gcp.gvt2.com,Unknown
heapanalytics.com,cdn.heapanalytics.com,Site Analytics
heapanalytics.com,heapanalytics.com,Site Analytics
highwebmedia.com,report-uri.highwebmedia.com,Essential
highwebmedia.com,roomimg.stream.highwebmedia.com,Essential
highwebmedia.com,ssl-ccstatic.highwebmedia.com,Essential
homedepot.com,clickstream-killswitch.hd-personalization-prod.gcp.homedepot.com,Unknown
homedepot.com,clickstream-producer.hd-personalization-prod.gcp.homedepot.com,Unknown
homedepot.com,mr.homedepot.com,Unknown
homedepot.com,swasc.homedepot.com,Unknown
homedepot.com,www.homedepot.com,First Party
homedepot-static.com,assets.homedepot-static.com,First Party
homedepot-static.com,assets-qa.homedepot-static.com,First Party
homedepot-static.com,contentgrid.homedepot-static.com,First Party
homedepot-static.com,images.homedepot-static.com,First Party
hotjar.com,in.hotjar.com,Site Analytics
hotjar.com,script.hotjar.com,Site Analytics
hotjar.com,static.hotjar.com,Site Analytics
hotjar.com,vars.hotjar.com,Site Analytics
hotjar.io,vc.hotjar.io,Site Analytics
https-rulesets.org,www.https-rulesets.org,Unknown
hulu.com,metcon.hulu.com,Unknown
hulu.com,secure.hulu.com,Unknown
hulu.com,vortex.hulu.com,Unknown
hulu.com,www.hulu.com,Unknown
iasds01.com,sc.iasds01.com,Advertising
id5-sync.com,id5-sync.com,Advertising
im-apps.net,sync-jp.im-apps.net,Advertising
imdb.com,www.imdb.com,Unknown
img-taboola.com,img.img-taboola.com,Unknown
imgur.com,api.imgur.com,Unknown
imgur.com,i.imgur.com,Unknown
imgur.com,imgur.com,First Party
imgur.com,s.imgur.com,Unknown
imgur.com,www.imgur.com,First Party
impactradius-event.com,d.impactradius-event.com,Unknown
impdesk.com,pix.impdesk.com,Advertising
imrworldwide.com,8gbxhqr4ikmdtgimof0sbpjyu9zb81603401643.nuid.imrworldwide.com,Site Analytics
imrworldwide.com,8ygzq5aq0gwttnxwqc5iadl4zzarg1603401099.nuid.imrworldwide.com,Site Analytics
imrworldwide.com,cdn-gl.imrworldwide.com,Site Analytics
imrworldwide.com,ciwripagkktmchlerej24fhxrovyc1604268214.nuid.imrworldwide.com,Site Analytics
imrworldwide.com,es0qzc2d28bqsxdnzgtwednrja0mx1604354328.nuid.imrworldwide.com,Site Analytics
imrworldwide.com,f218aecf4124a5a357c8795acf098c8e.redinuid.imrworldwide.com,Site Analytics
imrworldwide.com,f8be433c57c697e5c77d53c4fdd31153.redinuid.imrworldwide.com,Site Analytics
imrworldwide.com,n4q0www2fr2ywao9uyjmzi4dojn5a1603401547.nuid.imrworldwide.com,Site Analytics
imrworldwide.com,nmcsync.imrworldwide.com,Site Analytics
imrworldwide.com,secure-dcr.imrworldwide.com,Site Analytics
imrworldwide.com,secure-gl.imrworldwide.com,Site Analytics
imrworldwide.com,secure-sdk.imrworldwide.com,Site Analytics
imrworldwide.com,secure-sts-prod.imrworldwide.com,Site Analytics
imrworldwide.com,secure-us.imrworldwide.com,Site Analytics
imrworldwide.com,sljelxumymobggdoqssijflzn3wls1604354959.nuid.imrworldwide.com,Site Analytics
imrworldwide.com,wzcb4lxsyxxqcnw95d00tidqwkdbz1604363766.nuid.imrworldwide.com,Site Analytics
indeed.com,autocomplete.indeed.com,Unknown
indeed.com,pxl.indeed.com,Unknown
indeed.com,secure.indeed.com,Unknown
indeed.com,sentry.indeed.com,Unknown
indeed.com,t.indeed.com,Unknown
indeed.com,www.indeed.com,First Party
indexww.com,js-sec.indexww.com,Advertising
infolinks.com,resources.infolinks.com,Advertising
infolinks.com,router.infolinks.com,Advertising
infolinks.com,rt3031.infolinks.com,Advertising
infolinks.com,rt3033.infolinks.com,Advertising
infolinks.com,rt3036.infolinks.com,Advertising
infolinks.com,rt3043.infolinks.com,Advertising
infolinks.com,rt3045.infolinks.com,Advertising
insightexpressai.com,secure.insightexpressai.com,Advertising
instagram.com,graph.instagram.com,Social
instagram.com,www.instagram.com,Social
instructure.com,pages.instructure.com,Unknown
instructure.com,www.instructure.com,First Party
intellimize.co,api.intellimize.co,Unknown
intellimize.co,log.intellimize.co,Unknown
intentiq.com,api.intentiq.com,Site Analytics
intentiq.com,sync.intentiq.com,Site Analytics
intentiq.com,sync1.intentiq.com,Site Analytics
invitemedia.com,pixel.invitemedia.com,Advertising
ip-api.com,pro.ip-api.com,Unknown
iperceptions.com,universal.iperceptions.com,Site Analytics
ipredictive.com,sync.ipredictive.com,Site Analytics
ipv6test.com,p4-cuzxorpw5gr2c-jnzgl3yrhhohvphf-280032-i1-v6exp3-ds.metric.ipv6test.com,Unknown
ipv6test.net,p4-cuzxorpw5gr2c-jnzgl3yrhhohvphf-280032-i2-v6exp3-ds.metric.ipv6test.net,Unknown
ispot.tv,pi.ispot.tv,Advertising
ispot.tv,pt.ispot.tv,Advertising
jivox.com,pxl.jivox.com,Advertising
jivox.com,sync.jivox.com,Advertising
jsdelivr.net,cdn.jsdelivr.net,Unknown
jtvnw.net,static-cdn.jtvnw.net,Unknown
kargo.com,crb.kargo.com,Advertising
kargo.com,prg.kargo.com,Advertising
knsso.com,id.knsso.com,Unknown
krxd.net,beacon.krxd.net,Advertising
krxd.net,cdn.krxd.net,Advertising
krxd.net,consumer.krxd.net,Advertising
krxd.net,jslog.krxd.net,Advertising
krxd.net,usermatch.krxd.net,Advertising
lendingtree.com,revjet.lendingtree.com,Unknown
liadm.com,i.liadm.com,Advertising
liadm.com,i6.liadm.com,Advertising
licdn.com,snap.licdn.com,Social
licdn.com,static-exp1.licdn.com,Social
licdn.com,static-exp3.licdn.com,Social
lijit.com,ap.lijit.com,Site Analytics
linkedin.com,dc.ads.linkedin.com,Advertising
linkedin.com,platform.linkedin.com,Unknown
linkedin.com,px.ads.linkedin.com,Advertising
linkedin.com,www.linkedin.com,First Party
linksynergy.com,consent.linksynergy.com,Advertising
linksynergy.com,tags.rd.linksynergy.com,Advertising
linksynergy.com,ut.ra.linksynergy.com,Advertising
litix.io,fg8vvsvnieiv3ej16jby.litix.io,Unknown
live.com,login.live.com,Essential
live.com,outlook.live.com,Essential
live.com,www.live.com,First Party
livechatinc.com,cdn.livechatinc.com,Customer Interaction
livechatinc.com,secure.livechatinc.com,Customer Interaction
livejasmin.com,www.livejasmin.com,First Party
liveperson.net,lptag.liveperson.net,Customer Interaction
liveperson.net,lptag-cdn.liveperson.net,Customer Interaction
live-video.net,player.live-video.net,Audio/Video Player
live-video.net,player.stats.live-video.net,Audio/Video Player
lkqd.net,cs.lkqd.net,Advertising
llnwd.net,yahoovod.hs.llnwd.net,Advertising
lockerdome.com,msn.lockerdome.com,Social
lockerdomecdn.com,cdn1.lockerdomecdn.com,Social
luckyorange.net,settings.luckyorange.net,Site Analytics
marketo.net,munchkin.marketo.net,Advertising
mathtag.com,pixel.mathtag.com,Advertising
mathtag.com,sync.mathtag.com,Advertising
media.net,cdneast2-xch.media.net,Advertising
media.net,cdneast-xch.media.net,Advertising
media.net,contextual.media.net,Advertising
media.net,cs.media.net,Advertising
media.net,cslogger.media.net,Advertising
media.net,cvision.media.net,Advertising
media.net,hblg.media.net,Advertising
media.net,hbx.media.net,Advertising
media.net,hbxlp.media.net,Advertising
media.net,lg3.media.net,Advertising
media.net,res.media.net,Advertising
media.net,static-eb.media.net,Advertising
media6degrees.com,idpix.media6degrees.com,Advertising
media-amazon.com,m.media-amazon.com,Unknown
media-imdb.com,ia.media-imdb.com,Unknown
media-imdb.com,s.media-imdb.com,Unknown
messenger.com,www.messenger.com,Unknown
mfadsrvr.com,rtb.mfadsrvr.com,Advertising
mfadsrvr.com,rtb-use.mfadsrvr.com,Advertising
mgid.com,cm.mgid.com,Advertising
micpn.com,6gpwkrxh.micpn.com,Unknown
microsoft.com,browser.pipe.aria.microsoft.com,Unknown
microsoft.com,c1.microsoft.com,Unknown
microsoft.com,edge.microsoft.com,Unknown
microsoft.com,nav.smartscreen.microsoft.com,Unknown
microsoft.com,smartscreen-prod.microsoft.com,Unknown
microsoft.com,web.vortex.data.microsoft.com,Unknown
microsoft.com,www.microsoft.com,First Party
microsoftonline.com,login.microsoftonline.com,Unknown
mktoresp.com,449-bvj-543.mktoresp.com,Advertising
mktoresp.com,855-qah-699.mktoresp.com,Advertising
ml314.com,cdn.ml314.com,Site Analytics
ml314.com,ml314.com,Site Analytics
mmstat.com,ac.mmstat.com,Advertising
mmstat.com,gj.mmstat.com,Advertising
mmstat.com,gm.mmstat.com,Advertising
mmstat.com,log.mmstat.com,Advertising
mmstat.com,oneid.mmstat.com,Advertising
mmstat.com,wgo.mmstat.com,Advertising
mmstat.com,ws.mmstat.com,Advertising
moatads.com,apx.moatads.com,Site Analytics
moatads.com,geo.moatads.com,Site Analytics
moatads.com,mb.moatads.com,Site Analytics
moatads.com,pixel.moatads.com,Site Analytics
moatads.com,px.moatads.com,Site Analytics
moatads.com,z.moatads.com,Site Analytics
mobileadtrading.com,track-east.mobileadtrading.com,Advertising
momagic.com,tracks.momagic.com,Unknown
mookie1.com,odr.mookie1.com,Advertising
mozilla.com,firefox.settings.services.mozilla.com,Essential
mozilla.com,push.services.mozilla.com,Essential
mozilla.net,content-signature-2.cdn.mozilla.net,Essential
mozilla.net,snippets.cdn.mozilla.net,Essential
mrpdata.net,j.mrpdata.net,Unknown
msauth.net,logincdn.msauth.net,Unknown
msecnd.net,az725175.vo.msecnd.net,Unknown
msn.com,api.msn.com,Advertising
msn.com,arc.msn.com,Advertising
msn.com,assets.msn.com,Advertising
msn.com,c.msn.com,Advertising
msn.com,confiant.msn.com,Advertising
msn.com,ntp.msn.com,Advertising
msn.com,srtb.msn.com,Advertising
msn.com,web.vortex.data.msn.com,Advertising
msn.com,www.msn.com,First Party
msocdn.com,blobs.officehome.msocdn.com,Unknown
mxptint.net,aep.mxptint.net,Advertising
mxptint.net,pmp.mxptint.net,Advertising
mxptint.net,rbp.mxptint.net,Advertising
myshopify.com,www.myshopify.com,First Party
myvisualiq.net,t.myvisualiq.net,Advertising
myvisualiq.net,vt.myvisualiq.net,Advertising
netflix.com,ichnaea-web.netflix.com,Unknown
netflix.com,www.netflix.com,First Party
netscape.com,ip-reachability.isp.netscape.com,Unknown
newrelic.com,js-agent.newrelic.com,Site Analytics
nflxext.com,assets.nflxext.com,Unknown
nflxext.com,codex.nflxext.com,Unknown
nflximg.net,ae.nflximg.net,Unknown
ngtv.io,geo.ngtv.io,Unknown
ninthdecimal.com,lciapi.ninthdecimal.com,Unknown
nr-data.net,bam.nr-data.net,Site Analytics
nr-data.net,bam-cell.nr-data.net,Site Analytics
nrich.ai,dsp.nrich.ai,Unknown
ns1p.net,b.ns1p.net,Essential
ns1p.net,cs.ns1p.net,Essential
ns1p.net,s.ns1p.net,Essential
nyt.com,a1.nyt.com,Unknown
nyt.com,g1.nyt.com,Unknown
nyt.com,static01.nyt.com,Unknown
nyt.com,vp.nyt.com,Unknown
nytimes.com,a.et.nytimes.com,Unknown
nytimes.com,a.nytimes.com,Unknown
nytimes.com,als-svc.nytimes.com,Unknown
nytimes.com,content.api.nytimes.com,Unknown
nytimes.com,csp.nytimes.com,Unknown
nytimes.com,dd.nytimes.com,Unknown
nytimes.com,meter-svc.nytimes.com,Unknown
nytimes.com,mwcm.nytimes.com,Unknown
nytimes.com,nytimes.com,Unknown
nytimes.com,purr.nytimes.com,Unknown
nytimes.com,samizdat-graphql.nytimes.com,Unknown
nytimes.com,static01.nytimes.com,Unknown
nytimes.com,www.nytimes.com,First Party
office.com,outlook.office.com,Essential
office.com,www.office.com,Essential
office365.com,ow2.res.office365.com,Unknown
office365.com,r4.res.office365.com,Unknown
okta.com,www.okta.com,Unknown
omnitagjs.com,visitor.omnitagjs.com,Site Analytics
omny.fm,assets.omny.fm,Unknown
omny.fm,omny.fm,Unknown
omnycontent.com,www.omnycontent.com,Unknown
omtrdc.net,adobe.tt.omtrdc.net,Advertising
omtrdc.net,espndotcom.tt.omtrdc.net,Advertising
omtrdc.net,homedepot.tt.omtrdc.net,Advertising
omtrdc.net,microsoftmscompoc.tt.omtrdc.net,Advertising
onaudience.com,pixel.onaudience.com,Advertising
onetag-sys.com,onetag-sys.com,Unknown
onetrust.com,geolocation.onetrust.com,Site Analytics
onetrust.com,privacyportal.onetrust.com,Site Analytics
onetrust.com,privacyportal-eu.onetrust.com,Site Analytics
openx.net,eu-u.openx.net,Advertising
openx.net,foxnews-d.openx.net,Advertising
openx.net,rtb.openx.net,Advertising
openx.net,u.openx.net,Advertising
openx.net,us-u.openx.net,Advertising
openxcdn.net,oa.openxcdn.net,Unknown
opera.com,addons.opera.com,Unknown
opera.com,af.opera.com,Unknown
opera.com,autoupdate.geo.opera.com,Unknown
opera.com,exchange.opera.com,Unknown
opera.com,speeddials.opera.com,Unknown
opera.software,desktop-dna.osp.opera.software,Unknown
opera-api.com,features.opera-api.com,Essential
opera-api.com,merchandise.opera-api.com,Advertising
opera-api.com,weather.opera-api.com,Essential
operacdn.com,addons-media.operacdn.com,Essential
operacdn.com,download3.operacdn.com,Unknown
operacdn.com,sd-images.operacdn.com,Essential
operacdn.com,sd-suggestions.operacdn.com,Essential
optimizely.com,a10681260716.cdn.optimizely.com,Site Analytics
optimizely.com,a125375509.cdn.optimizely.com,Site Analytics
optimizely.com,cdn.optimizely.com,Site Analytics
optimizely.com,cdn3.optimizely.com,Site Analytics
optimizely.com,logx.optimizely.com,Site Analytics
optimizely.com,rum.optimizely.com,Site Analytics
optmd.com,cdn-sec.optmd.com,Advertising
outbrain.com,amplify.outbrain.com,Advertising
outbrain.com,mcdp-nydc1.outbrain.com,Advertising
outbrain.com,odb.outbrain.com,Advertising
outbrain.com,stas.outbrain.com,Advertising
outbrain.com,sync.outbrain.com,Advertising
outbrain.com,tr.outbrain.com,Advertising
outbrain.com,widget-pixels.outbrain.com,Advertising
outbrain.com,widgets.outbrain.com,Advertising
outbrainimg.com,log.outbrainimg.com,Advertising
outbrainimg.com,tcheck.outbrainimg.com,Advertising
outbrainimg.com,zem.outbrainimg.com,Advertising
owneriq.net,px.owneriq.net,Advertising
perf-serving.com,prod.perf-serving.com,Unknown
perf-serving.com,prod-use.perf-serving.com,Unknown
phncdn.com,cdn1d-static-shared.phncdn.com,Unknown
phncdn.com,cdn1-smallimg.phncdn.com,Unknown
phncdn.com,ci.phncdn.com,Unknown
phncdn.com,di.phncdn.com,Unknown
phncdn.com,dw.phncdn.com,Unknown
phncdn.com,ew.phncdn.com,Unknown
phncdn.com,ss.phncdn.com,Unknown
pinimg.com,s.pinimg.com,Social
pinterest.com,ct.pinterest.com,Social
pippio.com,pippio.com,Site Analytics
placed.com,pixel.placed.com,Unknown
playground.xyz,ads.playground.xyz,Advertising
polyfill.io,polyfill.io,Essential
pornhub.com,hubt.pornhub.com,First Party
pornhub.com,www.pornhub.com,First Party
postrelease.com,jadserve.postrelease.com,Advertising
powerlinks.com,px.powerlinks.com,Advertising
pswec.com,t.pswec.com,Advertising
publicsuffix.org,publicsuffix.org,Unknown
pubmatic.com,ads.pubmatic.com,Advertising
pubmatic.com,aktrack.pubmatic.com,Advertising
pubmatic.com,hbopenbid.pubmatic.com,Advertising
pubmatic.com,image2.pubmatic.com,Advertising
pubmatic.com,image4.pubmatic.com,Advertising
pubmatic.com,image6.pubmatic.com,Advertising
pubmatic.com,image8.pubmatic.com,Advertising
pubmatic.com,simage2.pubmatic.com,Advertising
pubmatic.com,simage4.pubmatic.com,Advertising
pubmine.com,s.pubmine.com,Advertising
px-cdn.net,captcha.px-cdn.net,Unknown
px-cloud.net,client.px-cloud.net,Unknown
px-cloud.net,collector-pxhyx10rg3.px-cloud.net,Unknown
px-cloud.net,collector-pxj770cp7y.px-cloud.net,Unknown
px-cloud.net,collector-pxu6b0qd2s.px-cloud.net,Unknown
qualtrics.com,siteintercept.qualtrics.com,Site Analytics
qualtrics.com,zn_42v6draxyafsjmv-homedepot.siteintercept.qualtrics.com,Site Analytics
quantcount.com,content.quantcount.com,Site Analytics
quantcount.com,pixel.quantcount.com,Site Analytics
quantcount.com,rules.quantcount.com,Site Analytics
quantserve.com,cms.quantserve.com,Site Analytics
quantserve.com,exch.quantserve.com,Site Analytics
quantserve.com,pixel.quantserve.com,Site Analytics
quantserve.com,secure.quantserve.com,Site Analytics
quantummetric.com,cdn.quantummetric.com,Site Analytics
quantummetric.com,homedepot-app.quantummetric.com,Site Analytics
quantummetric.com,homedepot-sync.quantummetric.com,Site Analytics
ravenjs.com,cdn.ravenjs.com,Unknown
raygun.io,cdn.raygun.io,Unknown
recaptcha.net,www.recaptcha.net,Essential
redd.it,external-preview.redd.it,Social
redd.it,i.redd.it,Social
redd.it,preview.redd.it,Social
redd.it,v.redd.it,Social
reddit.com,alb.reddit.com,Social
reddit.com,gateway.reddit.com,Social
reddit.com,gql.reddit.com,Social
reddit.com,www.reddit.com,Social
redditad.com,redditad.com,Unknown
redditmedia.com,a.thumbs.redditmedia.com,Essential
redditmedia.com,b.thumbs.redditmedia.com,Essential
redditmedia.com,emoji.redditmedia.com,Essential
redditmedia.com,oops.redditmedia.com,Essential
redditmedia.com,styles.redditmedia.com,Essential
redditmedia.com,www.redditmedia.com,Essential
redditstatic.com,www.redditstatic.com,Essential
resetdigital.co,sync.resetdigital.co,Unknown
resetdigital.co:10001,sync.resetdigital.co:10001,Unknown
reson8.com,ds.reson8.com,Advertising
res-x.com,www.res-x.com,Essential
revcontent.com,assets.revcontent.com,Advertising
revcontent.com,cdn.revcontent.com,Advertising
revcontent.com,images.revcontent.com,Advertising
revcontent.com,img.revcontent.com,Advertising
revcontent.com,media.revcontent.com,Advertising
revcontent.com,trends.revcontent.com,Advertising
revjet.com,ads.revjet.com,Advertising
revjet.com,cdn.revjet.com,Advertising
revjet.com,pix.revjet.com,Advertising
revjet.com,pix-us.revjet.com,Advertising
rfihub.com,20799319p.rfihub.com,Advertising
rfihub.com,a.rfihub.com,Advertising
rfihub.com,p.rfihub.com,Advertising
rfihub.net,c1.rfihub.net,Advertising
rkdms.com,mid.rkdms.com,Site Analytics
rkdms.com,track.sv.rkdms.com,Site Analytics
rlcdn.com,api.rlcdn.com,Advertising
rlcdn.com,di.rlcdn.com,Advertising
rlcdn.com,id.rlcdn.com,Advertising
rlcdn.com,idsync.rlcdn.com,Advertising
rlcdn.com,rc.rlcdn.com,Advertising
rmtag.com,intljs.rmtag.com,Unknown
rubiconproject.com,eus.rubiconproject.com,Advertising
rubiconproject.com,fastlane.rubiconproject.com,Advertising
rubiconproject.com,pixel.rubiconproject.com,Advertising
rubiconproject.com,pixel-eu.rubiconproject.com,Advertising
rubiconproject.com,pixel-us-east.rubiconproject.com,Advertising
rubiconproject.com,secure-assets.rubiconproject.com,Advertising
rubiconproject.com,token.rubiconproject.com,Advertising
sail-horizon.com,ak.sail-horizon.com,Advertising
sail-personalize.com,api.sail-personalize.com,Advertising
salesforce.com,omtr2.partners.salesforce.com,Advertising
salesforce.com,optimizely-edge.salesforce.com,Advertising
salesforce.com,www.salesforce.com,Advertising
salesforceliveagent.com,d.la1-c2-phx.salesforceliveagent.com,Customer Interaction
samba.tv,ads.samba.tv,Advertising
samba.tv,pixel.mtrcs.samba.tv,Advertising
samplicio.us,usersync.samplicio.us,Unknown
sascdn.com,ced.sascdn.com,Advertising
sascdn.com,ced-ns.sascdn.com,Advertising
scene7.com,s7d1.scene7.com,Advertising
scorecardresearch.com,ads.scorecardresearch.com,Site Analytics
scorecardresearch.com,b.scorecardresearch.com,Site Analytics
scorecardresearch.com,sb.scorecardresearch.com,Site Analytics
sc-static.net,sc-static.net,Unknown
securedvisit.com,track.securedvisit.com,Site Analytics
segment.com,cdn.segment.com,Site Analytics
segment.io,api.segment.io,Site Analytics
semasio.net,uipglob.semasio.net,Advertising
sentry.io,sentry.io,Site Analytics
sentry-cdn.com,js.sentry-cdn.com,Site Analytics
serverbid.com,e.serverbid.com,Advertising
serving-sys.com,bs.serving-sys.com,Advertising
serving-sys.com,lm.serving-sys.com,Advertising
serving-sys.com,secure-ds.serving-sys.com,Advertising
sfdcstatic.com,a.sfdcstatic.com,Unknown
sfdcstatic.com,c1.sfdcstatic.com,Unknown
sharedid.org,id.sharedid.org,Unknown
sharethrough.com,match.sharethrough.com,Advertising
shb-sync.com,us.shb-sync.com,Unknown
shopify.com,cdn.shopify.com,Unknown
simpli.fi,um.simpli.fi,Advertising
sitescout.com,pixel-a.sitescout.com,Advertising
sitescout.com,pixel-sync.sitescout.com,Advertising
smadex.com,cm.smadex.com,Unknown
smartadserver.com,rtb-csync.smartadserver.com,Advertising
smartadserver.com,ssbsync.smartadserver.com,Advertising
smartadserver.com,www9.smartadserver.com,Advertising
s-microsoft.com,c.s-microsoft.com,Unknown
snapchat.com,tr.snapchat.com,Unknown
snapengage.com,www.snapengage.com,Customer Interaction
socdm.com,tg.socdm.com,Advertising
s-onetag.com,beacon.s-onetag.com,Advertising
s-onetag.com,connect-metrics-collector.s-onetag.com,Advertising
s-onetag.com,geo-location.s-onetag.com,Advertising
s-onetag.com,get.s-onetag.com,Advertising
s-onetag.com,onetag-geo.s-onetag.com,Advertising
s-onetag.com,onetag-geo-grouping.s-onetag.com,Advertising
s-onetag.com,signal-metrics-collector-beta.s-onetag.com,Advertising
sonobi.com,apex.go.sonobi.com,Advertising
sonobi.com,sync.go.sonobi.com,Advertising
sportradarserving.com,a.sportradarserving.com,Unknown
spotxchange.com,sync.search.spotxchange.com,Advertising
ssl-images-amazon.com,images-na.ssl-images-amazon.com,Unknown
stackadapt.com,sync.srv.stackadapt.com,Advertising
stackadapt.com,tags.srv.stackadapt.com,Advertising
steelhousemedia.com,px.steelhousemedia.com,Advertising
stickyadstv.com,ads.stickyadstv.com,Advertising
stripe.com,checkout.stripe.com,Essential
stripe.com,js.stripe.com,Essential
stripe.com,m.stripe.com,Essential
stripe.com,q.stripe.com,Essential
stripe.network,m.stripe.network,Essential
summerhamster.com,www.summerhamster.com,Advertising
survata.com,px.surveywall-api.survata.com,Advertising
t.co,t.co,Social
taboola.com,api.taboola.com,Advertising
taboola.com,cdn.taboola.com,Advertising
taboola.com,cds.taboola.com,Advertising
taboola.com,imprnjmp.taboola.com,Advertising
taboola.com,match.taboola.com,Advertising
taboola.com,sync.taboola.com,Advertising
taboola.com,trc.taboola.com,Advertising
taboola.com,trc-events.taboola.com,Advertising
taboola.com,vidstat.taboola.com,Advertising
taboola.com,vidstatb.taboola.com,Advertising
taboola.com,wf.taboola.com,Advertising
tanx.com,ecpm.tanx.com,Advertising
tanx.com,p.tanx.com,Advertising
tanx.com,pcookie.tanx.com,Advertising
tanx.com,phs.tanx.com,Advertising
taobao.com,fourier.taobao.com,Essential
taobao.com,suggest.taobao.com,Essential
taobao.com,tmm.taobao.com,Essential
taobao.com,top-tmm.taobao.com,Essential
tapad.com,pixel.tapad.com,Advertising
tapad.com,tapestry.tapad.com,Advertising
taplytics.com,js.taplytics.com,Unknown
taptapnetworks.com,sonata-notifications.taptapnetworks.com,Unknown
tbs.com,i.cdn.tbs.com,Unknown
tealiumiq.com,collect.tealiumiq.com,Essential
tealiumiq.com,datacloud.tealiumiq.com,Essential
technoratimedia.com,sync.technoratimedia.com,Advertising
thdws.com,localization.thdws.com,Unknown
thebrighttag.com,s.thebrighttag.com,Advertising
tidaltv.com,sync.tidaltv.com,Advertising
tiqcdn.com,tags.tiqcdn.com,Essential
tmall.com,aldh5.tmall.com,Essential
tmall.com,fragment.tmall.com,Essential
tmall.com,pages.tmall.com,Essential
tmall.com,pcookie.tmall.com,Essential
tmall.com,www.tmall.com,First Party
tmall.ru,login.tmall.ru,Essential
tntdrama.com,i.cdn.tntdrama.com,Unknown
trafficjunky.com,static.trafficjunky.com,Advertising
trafficjunky.net,ads.trafficjunky.net,Adult Advertising
trafficjunky.net,hw-cdn.trafficjunky.net,Adult Advertising
trafficjunky.net,hw-cdn2.trafficjunky.net,Adult Advertising
trafficjunky.net,media.trafficjunky.net,Adult Advertising
trafficjunky.net,vz-cdn2.trafficjunky.net,Adult Advertising
tree.com,widgets.tree.com,Unknown
tremorhub.com,amazon.partners.tremorhub.com,Advertising
tribalfusion.com,a.tribalfusion.com,Advertising
trkn.us,trkn.us,Unknown
tru.am,tru.am,Advertising
truoptik.com,dmp.truoptik.com,Advertising
trustarc.com,choices.trustarc.com,Unknown
trustarc.com,consent.trustarc.com,Unknown
truste.com,choices.truste.com,Essential
trustx.org,sofia.trustx.org,Advertising
trutv.com,i.cdn.trutv.com,Unknown
ttvnw.net,usher.ttvnw.net,Unknown
ttvnw.net,video-edge-103106.pdx01.abs.hls.ttvnw.net,Unknown
ttvnw.net,video-edge-1df1a8.pdx01.abs.hls.ttvnw.net,Unknown
ttvnw.net,video-edge-7540ad.pdx01.abs.hls.ttvnw.net,Unknown
ttvnw.net,video-edge-82693c.iad05.abs.hls.ttvnw.net,Unknown
ttvnw.net,video-edge-834e50.ord02.abs.hls.ttvnw.net,Unknown
ttvnw.net,video-edge-8b7c38.iad05.abs.hls.ttvnw.net,Unknown
ttvnw.net,video-edge-8c7934.iad05.abs.hls.ttvnw.net,Unknown
ttvnw.net,video-edge-b8150b.pdx01.abs.hls.ttvnw.net,Unknown
ttvnw.net,video-weaver.dfw02.hls.ttvnw.net,Unknown
ttvnw.net,video-weaver.lax03.hls.ttvnw.net,Unknown
ttvnw.net,video-weaver.ord02.hls.ttvnw.net,Unknown
ttvnw.net,video-weaver.sea01.hls.ttvnw.net,Unknown
tubemogul.com,rtd.tubemogul.com,Advertising
turn.com,ad.turn.com,Advertising
turn.com,d.turn.com,Advertising
turn.com,r.turn.com,Advertising
turner.com,s.cdn.turner.com,Unknown
tvsquared.com,collector-1564.tvsquared.com,Advertising
twimg.com,abs.twimg.com,Essential
twimg.com,pbs.twimg.com,Essential
twitch.tv,api.twitch.tv,Essential
twitch.tv,countess.twitch.tv,Unknown
twitch.tv,gql.twitch.tv,Unknown
twitch.tv,irc-ws.chat.twitch.tv,Unknown
twitch.tv,pubsub-edge.twitch.tv,Unknown
twitch.tv,www.twitch.tv,First Party
twitchcdn.net,p.twitchcdn.net,Essential
twitchcdn.net,static.twitchcdn.net,Essential
twitter.com,analytics.twitter.com,Site Analytics
twitter.com,api.twitter.com,Unknown
twitter.com,platform.twitter.com,Unknown
twitter.com,syndication.twitter.com,Social
twitter.com,twitter.com,First Party
twitter.com,www.twitter.com,First Party
tynt.com,de.tynt.com,Advertising
typekit.net,p.typekit.net,Essential
typekit.net,use.typekit.net,Essential
ugdturner.com,www.ugdturner.com,Unknown
unrulymedia.com,sync.targeting.unrulymedia.com,Advertising
upapi.net,backend.upapi.net,Unknown
upapi.net,mrb.upapi.net,Unknown
uplynk.com,onevideosync.uplynk.com,Unknown
usabilla.com,w.usabilla.com,Customer Interaction
userreport.com,audex.userreport.com,Site Analytics
videoplayerhub.com,breitbart-com.videoplayerhub.com,Unknown
videoplayerhub.com,warnermediagroup-com.videoplayerhub.com,Unknown
visitors.live,in.visitors.live,Site Analytics
visitors.live,visitors.live,Site Analytics
visualwebsiteoptimizer.com,dev.visualwebsiteoptimizer.com,Site Analytics
w55c.net,cti.w55c.net,Advertising
w55c.net,i.w55c.net,Advertising
w55c.net,pm.w55c.net,Advertising
w55c.net,tags.w55c.net,Advertising
wal.co,ak-us.wal.co,Unknown
wal.co,ak-us-dyn.wal.co,Unknown
wal.co,b.wal.co,Unknown
wal.co,cf-us.wal.co,Unknown
wal.co,cf-us-dyn.wal.co,Unknown
wal.co,fa-us.wal.co,Unknown
wal.co,fa-us-dyn.wal.co,Unknown
wal.co,i5.wal.co,Unknown
wal.co,i5-opt-pulsar.wal.co,Unknown
wal.co,i5-opt-v0.wal.co,Unknown
wal.co,i5-opt-v1.wal.co,Unknown
wal.co,zy-us.wal.co,Unknown
wal.co,zy-us-dyn.wal.co,Unknown
walmart.com,beacon.walmart.com,Unknown
walmart.com,tap.walmart.com,Unknown
walmart.com,www.walmart.com,First Party
walmartimages.com,i5.walmartimages.com,Unknown
warnermediacdn.com,wmff.warnermediacdn.com,Unknown
warnermediaprivacy.com,www.warnermediaprivacy.com,Unknown
webcontentassessor.com,scripts.mf.webcontentassessor.com,Unknown
webcontentassessor.com,scripts.webcontentassessor.com,Unknown
wellsfargo.com,connect.secure.wellsfargo.com,Essential
wellsfargo.com,ort.wellsfargo.com,Unknown
wellsfargo.com,prod5-eum-appdynamics.wellsfargo.com,Unknown
rubicon.wellsfargo.com,rubicon.wellsfargo.com,Advertising
wellsfargo.com,static.wellsfargo.com,First Party
wellsfargo.com,www.wellsfargo.com,First Party
wellsfargomedia.com,www01.wellsfargomedia.com,Unknown
wellsfargomedia.com,www04.wellsfargomedia.com,Unknown
wellsfargomedia.com,www20.wellsfargomedia.com,Unknown
wikipedia.org,www.wikipedia.org,First Party
wistia.com,distillery.wistia.com,Site Analytics
wistia.com,embed-fastly.wistia.com,Site Analytics
wistia.com,fast.wistia.com,Site Analytics
wistia.com,pipedream.wistia.com,Site Analytics
wmcdp.io,identity.api.wmcdp.io,Unknown
wmcdp.io,logs.psm.wmcdp.io,Unknown
wmcdp.io,telemetry.api.wmcdp.io,Unknown
wmt.co,dw.wmt.co,Unknown
xg4ken.com,resources.xg4ken.com,Site Analytics
ads.yahoo.com,ads.yahoo.com,Advertising
gemini.yahoo.com,b.gemini.yahoo.com,Unknown
yahoo.com,bats.video.yahoo.com,Unknown
yahoo.com,beap.gemini.yahoo.com,Unknown
yahoo.com,beap-bc.yahoo.com,Unknown
yahoo.com,cms.analytics.yahoo.com,Site Analytics
yahoo.com,cookiex.ngd.yahoo.com,Unknown
yahoo.com,csp.yahoo.com,Unknown
yahoo.com,edge-mcdn.secure.yahoo.com,Unknown
yahoo.com,edge-mcdn-beacon.secure.yahoo.com,Unknown
yahoo.com,geo.yahoo.com,Unknown
yahoo.com,guce.yahoo.com,Unknown
yahoo.com,oao-js-tag.onemobile.yahoo.com,Unknown
yahoo.com,opus.analytics.yahoo.com,Site Analytics
yahoo.com,pmp.ybp.yahoo.com,Unknown
yahoo.com,pr.ybp.yahoo.com,Unknown
yahoo.com,pr-bh.ybp.yahoo.com,Unknown
yahoo.com,prod-m-node-1113.ssp.yahoo.com,Unknown
yahoo.com,readmo.yahoo.com,Unknown
yahoo.com,search.yahoo.com,Unknown
yahoo.com,service.idsync.analytics.yahoo.com,Site Analytics
yahoo.com,sp.analytics.yahoo.com,Site Analytics
yahoo.com,tag.idsync.analytics.yahoo.com,Site Analytics
yahoo.com,udc.yahoo.com,Unknown
yahoo.com,ups.analytics.yahoo.com,Site Analytics
yahoo.com,us-east-1.onemobile.yahoo.com,Unknown
yahoo.com,video-api.yql.yahoo.com,Unknown
yahoo.com,web.ssp.yahoo.com,Unknown
yahoo.com,www.yahoo.com,First Party
yahoo.com,yep.video.yahoo.com,Unknown
yahoo.net,assets.video.yahoo.net,Unknown
yahoo.net,dns-vi61ia25x.sombrero.yahoo.net,Unknown
yahoo.net,edgecast-cf-prod.yahoo.net,Unknown
yahoo.net,edgecast-vod.yahoo.net,Unknown
yahoo.net,ip-reachability.sombrero.yahoo.net,Unknown
yahoodns.net,mcdn-report.wc.yahoodns.net,Unknown
yahoodns.net,r-amgwno7mrfreport.wc.yahoodns.net,Unknown
yahoodns.net,r-bgnlrhsewureport.wc.yahoodns.net,Unknown
yahoodns.net,r-cjslbtm97nreport.wc.yahoodns.net,Unknown
yahoodns.net,v-amgwno7mrf.wc.yahoodns.net,Unknown
yahoodns.net,v-bgnlrhsewu.wc.yahoodns.net,Unknown
yahoodns.net,v-cjslbtm97n.wc.yahoodns.net,Unknown
yieldmo.com,ads.yieldmo.com,Advertising
yimg.com,ip-reachability.ec.yimg.com,Advertising
yimg.com,s.yimg.com,Advertising
yimg.com,s1.yimg.com,Advertising
youtube.com,fcmatch.youtube.com,Essential
youtube.com,www.youtube.com,First Party
ytimg.com,i.ytimg.com,Essential
ytimg.com,i1.ytimg.com,Essential
ytimg.com,s.ytimg.com,Essential
zemanta.com,b1-nydc1.zemanta.com,Customer Interaction
zemanta.com,b1sync.zemanta.com,Customer Interaction
zemanta.com,b1t-nydc1.zemanta.com,Customer Interaction
zeotap.com,spl.zeotap.com,Site Analytics
zg-api.com,e.zg-api.com,Unknown
zillow.com,www.zillow.com,First Party
zillowstatic.com,www.zillowstatic.com,First Party
zoom.us,www.zoom.us,First Party
zoom.us,zoom.us,First Party
zorosrv.com,15.zorosrv.com,Unknown
