Host,Domain?,Category
cdn.exoticads.com,exoticads.com,Adult Advertising
staticx4.dditscdn.com,dditscdn.com,Adult Advertising
ads.trafficjunky.net,trafficjunky.net,Adult Advertising
,Adult Advertising Count,3
accounts.google.com,google.com,Advertising
fonts.gstatic.com,gstatic.com,Advertising
www.googleapis.com,googleapis.com,Advertising
googleads.g.doubleclick.net,doubleclick.net,Advertising
pagead2.googlesyndication.com,googlesyndication.com,Advertising
c.amazon-adsystem.com,amazon-adsystem.com,Advertising
s.yimg.com,yimg.com,Advertising
us.y.atwola.com,atwola.com,Advertising
ads.yahoo.com,ads.yahoo.com,Advertising
cdn.cmp.advertising.com,advertising.com,Advertising
dpm.demdex.net,demdex.net,Advertising
tags.bluekai.com,bluekai.com,Advertising
static.xx.fbcdn.net,fbcdn.net,Advertising
cx.atdmt.com,atdmt.com,Advertising
c.aaxads.com,aaxads.com,Advertising
www.aaxdetect.com,aaxdetect.com,Advertising
id.rlcdn.com,rlcdn.com,Advertising
ir.ebaystatic.com,ebaystatic.com,Advertising
img-prod-cms-rt-microsoft-com.akamaized.net,akamaized.net,Advertising
www.googleadservices.com,googleadservices.com,Advertising
static.ads-twitter.com,ads-twitter.com,Advertising
munchkin.marketo.net,marketo.net,Advertising
px.ads.linkedin.com,linkedin.com,Advertising
449-bvj-543.mktoresp.com,mktoresp.com,Advertising
p.adsymptotic.com,adsymptotic.com,Advertising
embedwistia-a.akamaihd.net,akamaihd.net,Advertising
cdn.krxd.net,krxd.net,Advertising
api2.branch.io,branch.io,Advertising
microsoftmscompoc.tt.omtrdc.net,omtrdc.net,Advertising
cm.everesttech.net,everesttech.net,Advertising
sync.mathtag.com,mathtag.com,Advertising
ib.adnxs.com,adnxs.com,Advertising
idpix.media6degrees.com,media6degrees.com,Advertising
rtd.tubemogul.com,tubemogul.com,Advertising
a.tribalfusion.com,tribalfusion.com,Advertising
px.owneriq.net,owneriq.net,Advertising
servedby.flashtalking.com,flashtalking.com,Advertising
p.rfihub.com,rfihub.com,Advertising
match.adsrvr.org,adsrvr.org,Advertising
jadserve.postrelease.com,postrelease.com,Advertising
bttrack.com,bttrack.com,Advertising
rtb.adentifi.com,adentifi.com,Advertising
dmpsync.3lift.com,3lift.com,Advertising
ds.reson8.com,reson8.com,Advertising
sync.crwdcntrl.net,crwdcntrl.net,Advertising
dsum-sec.casalemedia.com,casalemedia.com,Advertising
pixel.rubiconproject.com,rubiconproject.com,Advertising
us-u.openx.net,openx.net,Advertising
sync.search.spotxchange.com,spotxchange.com,Advertising
trc.taboola.com,taboola.com,Advertising
image2.pubmatic.com,pubmatic.com,Advertising
sync.srv.stackadapt.com,stackadapt.com,Advertising
amplify.outbrain.com,outbrain.com,Advertising
cdn.adsafeprotected.com,adsafeprotected.com,Advertising
tag.bounceexchange.com,bounceexchange.com,Advertising
tru.am,tru.am,Advertising
get.s-onetag.com,s-onetag.com,Advertising
www.att.com,att.com,Advertising
tcheck.outbrainimg.com,outbrainimg.com,Advertising
ad-delivery.net,ad-delivery.net,Advertising
pixel.mtrcs.samba.tv,samba.tv,Advertising
tps.doubleverify.com,doubleverify.com,Advertising
aa.agkn.com,agkn.com,Advertising
rtb.mfadsrvr.com,mfadsrvr.com,Advertising
x.bidswitch.net,bidswitch.net,Advertising
dis.criteo.com,criteo.com,Advertising
px.powerlinks.com,powerlinks.com,Advertising
ps.eyeota.net,eyeota.net,Advertising
dsp.adfarm1.adition.com,adition.com,Advertising
sync-jp.im-apps.net,im-apps.net,Advertising
loadus.exelator.com,exelator.com,Advertising
sofia.trustx.org,trustx.org,Advertising
creativecdn.com,creativecdn.com,Advertising
sync.adotmob.com,adotmob.com,Advertising
events.bouncex.net,bouncex.net,Advertising
www.summerhamster.com,summerhamster.com,Advertising
entitlement.auth.adobe.com,adobe.com,Advertising
nep.advangelists.com,advangelists.com,Advertising
c1.adform.net,adform.net,Advertising
casale-match.dotomi.com,dotomi.com,Advertising
cm.eyereturn.com,eyereturn.com,Advertising
d.adroll.com,adroll.com,Advertising
pxl.jivox.com,jivox.com,Advertising
pt.ispot.tv,ispot.tv,Advertising
www.dwin1.com,dwin1.com,Advertising
tags.w55c.net,w55c.net,Advertising
static.criteo.net,criteo.net,Advertising
snapengage.dropbox.com,snapengage.dropbox.com,Advertising
secure-ds.serving-sys.com,serving-sys.com,Advertising
cdn.bizible.com,bizible.com,Advertising
cdn.bizibly.com,bizibly.com,Advertising
c1.rfihub.net,rfihub.net,Advertising
s7d1.scene7.com,scene7.com,Advertising
api.demandbase.com,demandbase.com,Advertising
www.everestjs.net,everestjs.net,Advertising
adobeioruntime.net,adobeioruntime.net,Advertising
api.company-target.com,company-target.com,Advertising
match.prod.bidr.io,bidr.io,Advertising
contextual.media.net,media.net,Advertising
tags.bkrtx.com,bkrtx.com,Advertising
secure.insightexpressai.com,insightexpressai.com,Advertising
sc.iasds01.com,iasds01.com,Advertising
pixel-a.sitescout.com,sitescout.com,Advertising
um.simpli.fi,simpli.fi,Advertising
ad.turn.com,turn.com,Advertising
gj.mmstat.com,mmstat.com,Advertising
cfcmli.tdum.alibaba.com,alibaba.com,Advertising
cw.addthis.com,addthis.com,Advertising
pixel.tapad.com,tapad.com,Advertising
vt.myvisualiq.net,myvisualiq.net,Advertising
i.liadm.com,liadm.com,Advertising
quantcast.mgr.consensu.org,consensu.org,Advertising
ced.sascdn.com,sascdn.com,Advertising
tagan.adlightning.com,adlightning.com,Advertising
www9.smartadserver.com,smartadserver.com,Advertising
ad.clipcentric.com,clipcentric.com,Advertising
bh.contextweb.com,contextweb.com,Advertising
um2.eqads.com,eqads.com,Advertising
rbp.mxptint.net,mxptint.net,Advertising
odr.mookie1.com,mookie1.com,Advertising
www.salesforce.com,salesforce.com,Advertising
sync.tidaltv.com,tidaltv.com,Advertising
px.steelhousemedia.com,steelhousemedia.com,Advertising
1ad356638475.cdn4.forter.com,forter.com,Advertising
uipglob.semasio.net,semasio.net,Advertising
ads.stickyadstv.com,stickyadstv.com,Advertising
sync.1rx.io,1rx.io,Advertising
amazon.partners.tremorhub.com,tremorhub.com,Advertising
px.surveywall-api.survata.com,survata.com,Advertising
ads.betweendigital.com,betweendigital.com,Advertising
sync.targeting.unrulymedia.com,unrulymedia.com,Advertising
collector-1564.tvsquared.com,tvsquared.com,Advertising
ut.ra.linksynergy.com,linksynergy.com,Advertising
nypi.dc-storm.com,dc-storm.com,Advertising
static.trafficjunky.com,trafficjunky.com,Advertising
protected-by.clarium.io,clarium.io,Advertising
www.bizographics.com,bizographics.com,Advertising
match.sharethrough.com,sharethrough.com,Advertising
ads.yieldmo.com,yieldmo.com,Advertising
js-sec.indexww.com,indexww.com,Advertising
pixel.invitemedia.com,invitemedia.com,Advertising
sync.adap.tv,adap.tv,Advertising
cs.emxdgt.com,emxdgt.com,Advertising
cdn.districtm.io,districtm.io,Advertising
gu.dyntrk.com,dyntrk.com,Advertising
rtb.gumgum.com,gumgum.com,Advertising
ums.acuityplatform.com,acuityplatform.com,Advertising
pix.impdesk.com,impdesk.com,Advertising
green.erne.co,erne.co,Advertising
dmp.brand-display.com,brand-display.com,Advertising
sync.technoratimedia.com,technoratimedia.com,Advertising
tg.socdm.com,socdm.com,Advertising
sync.adkernel.com,adkernel.com,Advertising
pixel.onaudience.com,onaudience.com,Advertising
cm.adgrx.com,adgrx.com,Advertising
trends.revcontent.com,revcontent.com,Advertising
resources.infolinks.com,infolinks.com,Advertising
ak.sail-horizon.com,sail-horizon.com,Advertising
js.ad-score.com,ad-score.com,Advertising
api.sail-personalize.com,sail-personalize.com,Advertising
apex.go.sonobi.com,sonobi.com,Advertising
tr.blismedia.com,blismedia.com,Advertising
de.tynt.com,tynt.com,Advertising
match.360yield.com,360yield.com,Advertising
sync.extend.tv,extend.tv,Advertising
ssc-cms.33across.com,33across.com,Advertising
tracking.emerse.com,emerse.com,Advertising
t.pswec.com,pswec.com,Advertising
,Advertising Count,168
player.live-video.net,live-video.net,Audio/Video Player
ads.celtra.com,celtra.com,Audio/Video Player
,Audio/Video Player Count,2
breitbartproduction.disqus.com,disqus.com,Comments
,Comments Count,1
static.ada.support,ada.support,Customer Interaction
cdn.livechatinc.com,livechatinc.com,Customer Interaction
cdn.boomtrain.com,boomtrain.com,Customer Interaction
w.usabilla.com,usabilla.com,Customer Interaction
b1sync.zemanta.com,zemanta.com,Customer Interaction
www.snapengage.com,snapengage.com,Customer Interaction
lptag.liveperson.net,liveperson.net,Customer Interaction
,Customer Interaction Count,7
i.ytimg.com,ytimg.com,Essential
yt3.ggpht.com,ggpht.com,Essential
www.googletagservices.com,googletagservices.com,Essential
www.googletagmanager.com,googletagmanager.com,Essential
www.redditstatic.com,redditstatic.com,Essential
b.thumbs.redditmedia.com,redditmedia.com,Essential
www.office.com,office.com,Essential
cs.ns1p.net,ns1p.net,Essential
login.live.com,live.com,Essential
cdnjs.cloudflare.com,cloudflare.com,Essential
p.twitchcdn.net,twitchcdn.net,Essential
ssl-ccstatic.highwebmedia.com,highwebmedia.com,Essential
maxcdn.bootstrapcdn.com,bootstrapcdn.com,Essential
tags.tiqcdn.com,tiqcdn.com,Essential
static.adobelogin.com,adobelogin.com,Essential
use.typekit.net,typekit.net,Essential
assets.adobedtm.com,adobedtm.com,Essential
login.tmall.ru,tmall.ru,Essential
fourier.taobao.com,taobao.com,Essential
polyfill.io,polyfill.io,Essential
wt1ugse0be.execute-api.us-west-2.amazonaws.com,amazonaws.com,Essential
abs.twimg.com,twimg.com,Essential
nexus.ensighten.com,ensighten.com,Essential
c.evidon.com,evidon.com,Essential
collect.tealiumiq.com,tealiumiq.com,Essential
s.aolcdn.com,aolcdn.com,Essential
,Essential Count,26
www.youtube.com,youtube.com,First Party
www.amazon.com,amazon.com,First Party
www.yahoo.com,yahoo.com,First Party
www.zoom.us,zoom.us,First Party
www.wikipedia.org,wikipedia.org,First Party
www.myshopify.com,myshopify.com,First Party
www.microsoft.com,microsoft.com,First Party
www.netflix.com,netflix.com,First Party
www.instructure.com,instructure.com,First Party
www.twitch.tv,twitch.tv,First Party
www.chaturbate.com,chaturbate.com,First Party
www.cnn.com,cnn.com,First Party
bleacherreport.com,bleacherreport.com,First Party
www.espn.com,espn.com,First Party
www.zillow.com,zillow.com,First Party
www.zillowstatic.com,zillowstatic.com,First Party
www.chase.com,chase.com,First Party
www.apple.com,apple.com,First Party
www.dropbox.com,dropbox.com,First Party
www.nytimes.com,nytimes.com,First Party
www.aliexpress.com,aliexpress.com,First Party
www.craigslist.org,craigslist.org,First Party
www.walmart.com,walmart.com,First Party
www.livejasmin.com,livejasmin.com,First Party
www.wellsfargo.com,wellsfargo.com,First Party
www.tmall.com,tmall.com,First Party
www.imgur.com,imgur.com,First Party
www.force.com,force.com,First Party
www.homedepot.com,homedepot.com,First Party
assets.homedepot-static.com,homedepot-static.com,First Party
www.pornhub.com,pornhub.com,First Party
www.msn.com,msn.com,First Party
www.indeed.com,indeed.com,First Party
www.foxnews.com,foxnews.com,First Party
www.breitbart.com,breitbart.com,First Party
,First Party Count,35
aka-cdn.adtechus.com,adtechus.com,Site Analytics
audex.userreport.com,userreport.com,Site Analytics
www.google-analytics.com,google-analytics.com,Site Analytics
sb.scorecardresearch.com,scorecardresearch.com,Site Analytics
secure.quantserve.com,quantserve.com,Site Analytics
rules.quantcount.com,quantcount.com,Site Analytics
fast.wistia.com,wistia.com,Site Analytics
dev.visualwebsiteoptimizer.com,visualwebsiteoptimizer.com,Site Analytics
settings.luckyorange.net,luckyorange.net,Site Analytics
js-agent.newrelic.com,newrelic.com,Site Analytics
analytics.twitter.com,twitter.com,Site Analytics
bam.nr-data.net,nr-data.net,Site Analytics
cdn-gl.imrworldwide.com,imrworldwide.com,Site Analytics
cdnssl.clicktale.net,clicktale.net,Site Analytics
certify-js.alexametrics.com,alexametrics.com,Site Analytics
cdn3.optimizely.com,optimizely.com,Site Analytics
mid.rkdms.com,rkdms.com,Site Analytics
cdn.segment.com,segment.com,Site Analytics
static.chartbeat.com,chartbeat.com,Site Analytics
cdn.ml314.com,ml314.com,Site Analytics
api.segment.io,segment.io,Site Analytics
z.moatads.com,moatads.com,Site Analytics
s2.go-mpulse.net,go-mpulse.net,Site Analytics
pippio.com,pippio.com,Site Analytics
173c5b0c.akstat.io,akstat.io,Site Analytics
privacyportal-eu.onetrust.com,onetrust.com,Site Analytics
resources.xg4ken.com,xg4ken.com,Site Analytics
universal.iperceptions.com,iperceptions.com,Site Analytics
pnytimes.chartbeat.net,chartbeat.net,Site Analytics
sync.ipredictive.com,ipredictive.com,Site Analytics
cdn.heapanalytics.com,heapanalytics.com,Site Analytics
js.clearbit.com,clearbit.com,Site Analytics
static.hotjar.com,hotjar.com,Site Analytics
cdn.appdynamics.com,appdynamics.com,Site Analytics
api.amplitude.com,amplitude.com,Site Analytics
c.contentsquare.net,contentsquare.net,Site Analytics
zn_42v6draxyafsjmv-homedepot.siteintercept.qualtrics.com,qualtrics.com,Site Analytics
cdn.quantummetric.com,quantummetric.com,Site Analytics
spl.zeotap.com,zeotap.com,Site Analytics
vc.hotjar.io,hotjar.io,Site Analytics
visitor.omnitagjs.com,omnitagjs.com,Site Analytics
79423.analytics.edgekey.net,edgekey.net,Site Analytics
api.intentiq.com,intentiq.com,Site Analytics
ap.lijit.com,lijit.com,Site Analytics
,Site Analytics Count,44
www.facebook.com,facebook.com,Social
www.reddit.com,reddit.com,Social
preview.redd.it,redd.it,Social
snap.licdn.com,licdn.com,Social
connect.facebook.net,facebook.net,Social
t.co,t.co,Social
www.instagram.com,instagram.com,Social
s.pinimg.com,pinimg.com,Social
ct.pinterest.com,pinterest.com,Social
msn.lockerdome.com,lockerdome.com,Social
cdn1.lockerdomecdn.com,lockerdomecdn.com,Social
,Social Count,11
images-na.ssl-images-amazon.com,ssl-images-amazon.com,Unknown
m.media-amazon.com,media-amazon.com,Unknown
assoc-na.associates-amazon.com,associates-amazon.com,Unknown
d23tl967axkois.cloudfront.net,cloudfront.net,Unknown
usher.ttvnw.net,ttvnw.net,Unknown
b.gemini.yahoo.com,gemini.yahoo.com,Unknown
consent.trustarc.com,trustarc.com,Unknown
cdn.shopify.com,shopify.com,Unknown
www.ebay.com,ebay.com,Unknown
i.ebayimg.com,ebayimg.com,Unknown
srv.main.ebayrtm.com,ebayrtm.com,Unknown
mem.gfx.ms,gfx.ms,Unknown
blobs.officehome.msocdn.com,msocdn.com,Unknown
login.microsoftonline.com,microsoftonline.com,Unknown
logincdn.msauth.net,msauth.net,Unknown
c.bing.com,bing.com,Unknown
codex.nflxext.com,nflxext.com,Unknown
ae.nflximg.net,nflximg.net,Unknown
az725175.vo.msecnd.net,msecnd.net,Unknown
ow2.res.office365.com,office365.com,Unknown
pro.ip-api.com,ip-api.com,Unknown
www.googleoptimize.com,googleoptimize.com,Unknown
static-cdn.jtvnw.net,jtvnw.net,Unknown
app.link,app.link,Unknown
beacons.gcp.gvt2.com,gvt2.com,Unknown
cdn.cookielaw.org,cookielaw.org,Unknown
cdn.jsdelivr.net,jsdelivr.net,Unknown
warnermediagroup-com.videoplayerhub.com,videoplayerhub.com,Unknown
www.ugdturner.com,ugdturner.com,Unknown
widgets.tree.com,tree.com,Unknown
i.clean.gg,clean.gg,Unknown
mrb.upapi.net,upapi.net,Unknown
zion.api.cnn.io,cnn.io,Unknown
i.cdn.tbs.com,tbs.com,Unknown
www.warnermediaprivacy.com,warnermediaprivacy.com,Unknown
i.cdn.trutv.com,trutv.com,Unknown
i.cdn.tntdrama.com,tntdrama.com,Unknown
s.cdn.turner.com,turner.com,Unknown
www.greatbigstory.com,greatbigstory.com,Unknown
www.adultswim.com,adultswim.com,Unknown
id.geistm.com,geistm.com,Unknown
prod.perf-serving.com,perf-serving.com,Unknown
a.espncdn.com,espncdn.com,Unknown
cdn.registerdisney.go.com,go.com,Unknown
d.impactradius-event.com,impactradius-event.com,Unknown
vision.fn-pz.com,fn-pz.com,Unknown
id.sharedid.org,sharedid.org,Unknown
e.zg-api.com,zg-api.com,Unknown
collector-pxhyx10rg3.px-cloud.net,px-cloud.net,Unknown
static.chasecdn.com,chasecdn.com,Unknown
www.etsy.com,etsy.com,Unknown
i.etsystatic.com,etsystatic.com,Unknown
web.btncdn.com,btncdn.com,Unknown
trkn.us,trkn.us,Unknown
cfl.dropboxstatic.com,dropboxstatic.com,Unknown
b92.yahoo.co.jp,co.jp,Unknown
g1.nyt.com,nyt.com,Unknown
rumcdn.geoedge.be,geoedge.be,Unknown
assets.alicdn.com,alicdn.com,Unknown
login.aliexpress.ru,aliexpress.ru,Unknown
us.ynuf.aliapp.org,aliapp.org,Unknown
acjs.aliyun.com,aliyun.com,Unknown
retcode-us-west-1.arms.aliyuncs.com,aliyuncs.com,Unknown
www.okta.com,okta.com,Unknown
geoip-js.com,geoip-js.com,Unknown
j.6sc.co,6sc.co,Unknown
j.mrpdata.net,mrpdata.net,Unknown
web.chtbl.com,chtbl.com,Unknown
js.driftt.com,driftt.com,Unknown
i5.wal.co,wal.co,Unknown
i5.walmartimages.com,walmartimages.com,Unknown
api-gateway.dditsadn.com,dditsadn.com,Unknown
www01.wellsfargomedia.com,wellsfargomedia.com,Unknown
imgur.ccgateway.net,ccgateway.net,Unknown
oa.openxcdn.net,openxcdn.net,Unknown
beacon.lynx.cognitivlabs.com,cognitivlabs.com,Unknown
c1.sfdcstatic.com,sfdcstatic.com,Unknown
localization.thdws.com,thdws.com,Unknown
6gpwkrxh.micpn.com,micpn.com,Unknown
www.imdb.com,imdb.com,Unknown
ia.media-imdb.com,media-imdb.com,Unknown
usersync.samplicio.us,samplicio.us,Unknown
pixel.placed.com,placed.com,Unknown
lciapi.ninthdecimal.com,ninthdecimal.com,Unknown
www.hulu.com,hulu.com,Unknown
sc-static.net,sc-static.net,Unknown
intljs.rmtag.com,rmtag.com,Unknown
tr.snapchat.com,snapchat.com,Unknown
di.phncdn.com,phncdn.com,Unknown
15.zorosrv.com,zorosrv.com,Unknown
onevideosync.uplynk.com,uplynk.com,Unknown
cdn.ravenjs.com,ravenjs.com,Unknown
global.fncstatic.com,fncstatic.com,Unknown
omny.fm,omny.fm,Unknown
js.taplytics.com,taplytics.com,Unknown
webcontentassessor.global.ssl.fastly.net,fastly.net,Unknown
cdn.raygun.io,raygun.io,Unknown
www.omnycontent.com,omnycontent.com,Unknown
aswpsdkus.com,aswpsdkus.com,Unknown
www.foxbusiness.com,foxbusiness.com,Unknown
sonata-notifications.taptapnetworks.com,taptapnetworks.com,Unknown
us.shb-sync.com,shb-sync.com,Unknown
sync.resetdigital.co:10001,resetdigital.co:10001,Unknown
visitor.fiftyt.com,fiftyt.com,Unknown
scripts.webcontentassessor.com,webcontentassessor.com,Unknown
r1---sn-ab5l6nzd.googlevideo.com,googlevideo.com,Unknown
onetag-sys.com,onetag-sys.com,Unknown
ads.avct.cloud,avct.cloud,Unknown
s.cpx.to,cpx.to,Unknown
tracks.momagic.com,momagic.com,Unknown
p4-cuzxorpw5gr2c-jnzgl3yrhhohvphf-280032-i2-v6exp3-ds.metric.ipv6test.net,ipv6test.net,Unknown
p4-cuzxorpw5gr2c-jnzgl3yrhhohvphf-280032-i1-v6exp3-ds.metric.ipv6test.com,ipv6test.com,Unknown
,Unknown Count,112
,Grand Count,409
